"id_penjualan","id_invoice","tanggal","id_customer","id_barang","jumlah_barang","total_harga","unit","harga","mata_uang","nama_barang","kode_brand","brand","nama","cabang_sales","id_distributor","group_"
"IN6297-BRG0005","IN6297","2022-01-20","CUST55381","BRG0005",15,705000,"TABLET",47000,"IDR","KLORPROMAZINA TABLET SALUT SELAPUT 100 MG",203,"SLCYL","APOTEK MAJA","Kuningan","TA","Apotek"
"IN6297-BRG0002","IN6297","2022-01-20","CUST55381","BRG0002",5,11690,"DUS",2338,"IDR","ALERGINE TABLET SALUT",203,"ETIKAL","APOTEK MAJA","Kuningan","TA","Apotek"
"IN5997-BRG0004","IN5997","2022-01-20","CUST55380","BRG0004",11,269500,"TABLET",24500,"IDR","TRAMADOL KAPSUL 50 MG",201,"VNS","APOTEK TAPAK","Aceh","EPM","Apotek"
"IN5997-BRG0001","IN5997","2022-01-20","CUST55380","BRG0001",1,1170,"DUS",1170,"IDR","ACYCLOVIR DUS",206,"OGB & PH","APOTEK TAPAK","Aceh","EPM","Apotek"
"IN6297-BRG0008","IN6297","2022-01-20","CUST55381","BRG0008",30,294000,"TABLET",9800,"IDR","TETRACYCLINE KAPSUL 250 MG",204,"MARCKS","APOTEK MAJA","Kuningan","TA","Apotek"
"IN5997-BRG0003","IN5997","2022-01-20","CUST55380","BRG0003",6,102000,"BOTOL",17000,"IDR","AMPICILLIN",210,"MARCKS","APOTEK TAPAK","Aceh","EPM","Apotek"
"IN5997-BRG0005","IN5997","2022-01-20","CUST55380","BRG0005",40,1880000,"TABLET",47000,"IDR","KLORPROMAZINA TABLET SALUT SELAPUT 100 MG",203,"SLCYL","APOTEK TAPAK","Aceh","EPM","Apotek"
"IN5997-BRG0002","IN5997","2022-01-20","CUST55380","BRG0002",4,448000,"DUS",112000,"IDR","ALERGINE TABLET SALUT",203,"ETIKAL","APOTEK TAPAK","Aceh","EPM","Apotek"
"IN6297-BRG0002","IN6297","2022-01-20","CUST55381","BRG0002",5,560000,"DUS",112000,"IDR","ALERGINE TABLET SALUT",203,"ETIKAL","APOTEK MAJA","Kuningan","TA","Apotek"
"IN5997-BRG0001","IN5997","2022-01-20","CUST55380","BRG0001",1,96000,"DUS",96000,"IDR","ACYCLOVIR DUS",206,"OGB & PH","APOTEK TAPAK","Aceh","EPM","Apotek"
"IN6297-BRG0007","IN6297","2022-01-20","CUST55381","BRG0007",12,776400,"BOTOL",64700,"IDR","ERGOTAMINE COFFEINE",206,"ETIKAL","APOTEK MAJA","Kuningan","TA","Apotek"
"IN6155-BRG0006","IN6155","2022-01-21","CUST55382","BRG0006",22,858000,"TABLET",39000,"IDR","KETOCONAZOLE TABLET 200 MG",205,"OGB & PH","KLINIK GM","Jakarta","TA","Klinik"
"IN6155-BRG0007","IN6155","2022-01-21","CUST55382","BRG0007",10,647000,"BOTOL",64700,"IDR","ERGOTAMINE COFFEINE",206,"ETIKAL","KLINIK GM","Jakarta","TA","Klinik"
"IN6155-BRG0003","IN6155","2022-01-21","CUST55382","BRG0003",9,153000,"BOTOL",17000,"IDR","AMPICILLIN",210,"MARCKS","KLINIK GM","Jakarta","TA","Klinik"
"IN6155-BRG0009","IN6155","2022-01-21","CUST55382","BRG0009",25,775000,"BOTOL",31000,"IDR","AMBROXOL HC",207,"VNS","KLINIK GM","Jakarta","TA","Klinik"
"IN6155-BRG0003","IN6155","2022-01-21","CUST55382","BRG0003",9,96219,"DUS",10691,"IDR","AMPICILLIN",210,"MARCKS","KLINIK GM","Jakarta","TA","Klinik"
"IN6155-BRG0005","IN6155","2022-01-21","CUST55382","BRG0005",12,564000,"TABLET",47000,"IDR","KLORPROMAZINA TABLET SALUT SELAPUT 100 MG",203,"SLCYL","KLINIK GM","Jakarta","TA","Klinik"
"IN6155-BRG0008","IN6155","2022-01-21","CUST55382","BRG0008",25,245000,"TABLET",9800,"IDR","TETRACYCLINE KAPSUL 250 MG",204,"MARCKS","KLINIK GM","Jakarta","TA","Klinik"
"IN6155-BRG0010","IN6155","2022-01-21","CUST55382","BRG0010",12,252000,"BOTOL",21000,"IDR","PARACETAMOL",208,"SLCYL","KLINIK GM","Jakarta","TA","Klinik"
"IN6155-BRG0004","IN6155","2022-01-21","CUST55382","BRG0004",12,294000,"TABLET",24500,"IDR","TRAMADOL KAPSUL 50 MG",201,"VNS","KLINIK GM","Jakarta","TA","Klinik"
"IN6144-BRG0004","IN6144","2022-01-22","CUST55383","BRG0004",13,113113,"DUS",8701,"IDR","TRAMADOL KAPSUL 50 MG",201,"VNS","APOTEK MERDEKA","Bandung","TA","Apotek"
"IN6144-BRG0004","IN6144","2022-01-22","CUST55383","BRG0004",13,318500,"TABLET",24500,"IDR","TRAMADOL KAPSUL 50 MG",201,"VNS","APOTEK MERDEKA","Bandung","TA","Apotek"
"IN6144-BRG0008","IN6144","2022-01-22","CUST55383","BRG0008",13,127400,"TABLET",9800,"IDR","TETRACYCLINE KAPSUL 250 MG",204,"MARCKS","APOTEK MERDEKA","Bandung","TA","Apotek"
"IN6144-BRG0007","IN6144","2022-01-22","CUST55383","BRG0007",13,841100,"BOTOL",64700,"IDR","ERGOTAMINE COFFEINE",206,"ETIKAL","APOTEK MERDEKA","Bandung","TA","Apotek"
"IN6144-BRG0009","IN6144","2022-01-22","CUST55383","BRG0009",13,403000,"BOTOL",31000,"IDR","AMBROXOL HC",207,"VNS","APOTEK MERDEKA","Bandung","TA","Apotek"
"IN6144-BRG0010","IN6144","2022-01-22","CUST55383","BRG0010",13,273000,"BOTOL",21000,"IDR","PARACETAMOL",208,"SLCYL","APOTEK MERDEKA","Bandung","TA","Apotek"
"IN6039-BRG0001","IN6039","2022-01-23","CUST55480","BRG0001",13,15210,"DUS",1170,"IDR","ACYCLOVIR DUS",206,"OGB & PH","APOTEK MERDEKA","Bandung","TA","Apotek"
"IN6308-BRG0001","IN6308","2022-01-23","CUST55397","BRG0001",8,768000,"DUS",96000,"IDR","ACYCLOVIR DUS",206,"OGB & PH","KLINIK GM","Jakarta","TA","Klinik"
"IN6280-BRG0002","IN6280","2022-01-23","CUST55384","BRG0002",3,336000,"DUS",112000,"IDR","ALERGINE TABLET SALUT",203,"ETIKAL","KLINIK SAHABAT","Tangerang","TD","Klinik"
"IN6251-BRG0008","IN6251","2022-01-23","CUST55387","BRG0008",5,49000,"TABLET",9800,"IDR","TETRACYCLINE KAPSUL 250 MG",204,"MARCKS","APOTEK TAPAK","Aceh","EPM","Apotek"
"IN6307-BRG0007","IN6307","2022-01-23","CUST55396","BRG0007",14,64288,"DUS",4592,"IDR","ERGOTAMINE COFFEINE",206,"ETIKAL","APOTEK MAJA","Kuningan","TA","Apotek"
"IN6307-BRG0007","IN6307","2022-01-23","CUST55396","BRG0007",22,1423400,"BOTOL",64700,"IDR","ERGOTAMINE COFFEINE",206,"ETIKAL","APOTEK MAJA","Kuningan","TA","Apotek"
"IN6289-BRG0003","IN6289","2022-01-23","CUST55492","BRG0003",25,267275,"DUS",10691,"IDR","AMPICILLIN",210,"MARCKS","APOTEK TAPAK","Aceh","EPM","Apotek"
"IN6125-BRG0003","IN6125","2022-01-23","CUST55402","BRG0003",14,149674,"DUS",10691,"IDR","AMPICILLIN",210,"MARCKS","APOTEK TAPAK","Aceh","EPM","Apotek"
"IN6202-BRG0003","IN6202","2022-01-23","CUST55528","BRG0003",34,196554,"DUS",5781,"IDR","AMPICILLIN",210,"MARCKS","APOTEK SAHABAT","Padang","EPM","Apotek"
"IN6217-BRG0003","IN6217","2022-01-23","CUST55438","BRG0003",5,28905,"DUS",5781,"IDR","AMPICILLIN",210,"MARCKS","APOTEK SAHABAT","Padang","EPM","Apotek"
"IN6307-BRG0005","IN6307","2022-01-23","CUST55396","BRG0005",14,658000,"TABLET",47000,"IDR","KLORPROMAZINA TABLET SALUT SELAPUT 100 MG",203,"SLCYL","APOTEK MAJA","Kuningan","TA","Apotek"
"IN6086-BRG0003","IN6086","2022-01-23","CUST55408","BRG0003",14,80934,"DUS",5781,"IDR","AMPICILLIN",210,"MARCKS","APOTEK SAHABAT","Padang","EPM","Apotek"
"IN6190-BRG0001","IN6190","2022-01-23","CUST55390","BRG0001",40,3840000,"DUS",96000,"IDR","ACYCLOVIR DUS",206,"OGB & PH","APOTEK MERDEKA","Bandung","TA","Apotek"
"IN6215-BRG0001","IN6215","2022-01-23","CUST55510","BRG0001",14,16380,"DUS",1170,"IDR","ACYCLOVIR DUS",206,"OGB & PH","APOTEK MERDEKA","Bandung","TA","Apotek"
"IN5991-BRG0005","IN5991","2022-01-23","CUST55414","BRG0005",24,135552,"DUS",5648,"IDR","KLORPROMAZINA TABLET SALUT SELAPUT 100 MG",203,"SLCYL","KLINIK SAHABAT","Tangerang","TD","Klinik"
"IN6052-BRG0010","IN6052","2022-01-23","CUST55385","BRG0010",5,105000,"BOTOL",21000,"IDR","PARACETAMOL",208,"SLCYL","APOTEK SINAR JAYA","Bekasi","TA","Apotek"
"IN6233-BRG0001","IN6233","2022-01-23","CUST55450","BRG0001",24,28080,"DUS",1170,"IDR","ACYCLOVIR DUS",206,"OGB & PH","APOTEK MERDEKA","Bandung","TA","Apotek"
"IN6242-BRG0005","IN6242","2022-01-23","CUST55534","BRG0005",44,248512,"DUS",5648,"IDR","KLORPROMAZINA TABLET SALUT SELAPUT 100 MG",203,"SLCYL","KLINIK SAHABAT","Tangerang","TD","Klinik"
"IN6028-BRG0001","IN6028","2022-01-23","CUST55420","BRG0001",98,114660,"DUS",1170,"IDR","ACYCLOVIR DUS",206,"OGB & PH","APOTEK MERDEKA","Bandung","TA","Apotek"
"IN6286-BRG0003","IN6286","2022-01-23","CUST55468","BRG0003",120,693720,"DUS",5781,"IDR","AMPICILLIN",210,"MARCKS","APOTEK SAHABAT","Padang","EPM","Apotek"
"IN6251-BRG0002","IN6251","2022-01-23","CUST55387","BRG0002",2,224000,"DUS",112000,"IDR","ALERGINE TABLET SALUT",203,"ETIKAL","APOTEK TAPAK","Aceh","EPM","Apotek"
"IN6220-BRG0005","IN6220","2022-01-23","CUST55444","BRG0005",48,271104,"DUS",5648,"IDR","KLORPROMAZINA TABLET SALUT SELAPUT 100 MG",203,"SLCYL","KLINIK SAHABAT","Tangerang","TD","Klinik"
"IN6280-BRG0006","IN6280","2022-01-23","CUST55384","BRG0006",25,975000,"TABLET",39000,"IDR","KETOCONAZOLE TABLET 200 MG",205,"OGB & PH","KLINIK SAHABAT","Tangerang","TD","Klinik"
"IN6280-BRG0005","IN6280","2022-01-23","CUST55384","BRG0005",5,235000,"TABLET",47000,"IDR","KLORPROMAZINA TABLET SALUT SELAPUT 100 MG",203,"SLCYL","KLINIK SAHABAT","Tangerang","TD","Klinik"
"IN6307-BRG0004","IN6307","2022-01-23","CUST55396","BRG0004",12,294000,"TABLET",24500,"IDR","TRAMADOL KAPSUL 50 MG",201,"VNS","APOTEK MAJA","Kuningan","TA","Apotek"
"IN6052-BRG0006","IN6052","2022-01-23","CUST55385","BRG0006",5,195000,"TABLET",39000,"IDR","KETOCONAZOLE TABLET 200 MG",205,"OGB & PH","APOTEK SINAR JAYA","Bekasi","TA","Apotek"
"IN6307-BRG0003","IN6307","2022-01-23","CUST55396","BRG0003",24,408000,"BOTOL",17000,"IDR","AMPICILLIN",210,"MARCKS","APOTEK MAJA","Kuningan","TA","Apotek"
"IN6251-BRG0001","IN6251","2022-01-23","CUST55387","BRG0001",2,192000,"DUS",96000,"IDR","ACYCLOVIR DUS",206,"OGB & PH","APOTEK TAPAK","Aceh","EPM","Apotek"
"IN6210-BRG0007","IN6210","2022-01-23","CUST55486","BRG0007",4,18368,"DUS",4592,"IDR","ERGOTAMINE COFFEINE",206,"ETIKAL","APOTEK MAJA","Kuningan","TA","Apotek"
"IN6251-BRG0009","IN6251","2022-01-23","CUST55387","BRG0009",12,372000,"BOTOL",31000,"IDR","AMBROXOL HC",207,"VNS","APOTEK TAPAK","Aceh","EPM","Apotek"
"IN6307-BRG0001","IN6307","2022-01-23","CUST55396","BRG0001",4,384000,"DUS",96000,"IDR","ACYCLOVIR DUS",206,"OGB & PH","APOTEK MAJA","Kuningan","TA","Apotek"
"IN6052-BRG0009","IN6052","2022-01-23","CUST55385","BRG0009",5,155000,"BOTOL",31000,"IDR","AMBROXOL HC",207,"VNS","APOTEK SINAR JAYA","Bekasi","TA","Apotek"
"IN5980-BRG0003","IN5980","2022-01-23","CUST55432","BRG0003",20,213820,"DUS",10691,"IDR","AMPICILLIN",210,"MARCKS","APOTEK TAPAK","Aceh","EPM","Apotek"
"IN6284-BRG0001","IN6284","2022-01-23","CUST55540","BRG0001",76,88920,"DUS",1170,"IDR","ACYCLOVIR DUS",206,"OGB & PH","APOTEK MERDEKA","Bandung","TA","Apotek"
"IN6251-BRG0003","IN6251","2022-01-23","CUST55387","BRG0003",12,204000,"BOTOL",17000,"IDR","AMPICILLIN",210,"MARCKS","APOTEK TAPAK","Aceh","EPM","Apotek"
"IN6318-BRG0003","IN6318","2022-01-23","CUST55462","BRG0003",22,235202,"DUS",10691,"IDR","AMPICILLIN",210,"MARCKS","APOTEK TAPAK","Aceh","EPM","Apotek"
"IN6216-BRG0007","IN6216","2022-01-23","CUST55456","BRG0007",98,450016,"DUS",4592,"IDR","ERGOTAMINE COFFEINE",206,"ETIKAL","APOTEK MAJA","Kuningan","TA","Apotek"
"IN6190-BRG0001","IN6190","2022-01-23","CUST55390","BRG0001",2,2340,"DUS",1170,"IDR","ACYCLOVIR DUS",206,"OGB & PH","APOTEK MERDEKA","Bandung","TA","Apotek"
"IN6183-BRG0003","IN6183","2022-01-23","CUST55498","BRG0003",25,144525,"DUS",5781,"IDR","AMPICILLIN",210,"MARCKS","APOTEK SAHABAT","Padang","EPM","Apotek"
"IN6251-BRG0008","IN6251","2022-01-23","CUST55387","BRG0008",1,3992,"DUS",3992,"IDR","TETRACYCLINE KAPSUL 250 MG",204,"MARCKS","APOTEK TAPAK","Aceh","EPM","Apotek"
"IN6251-BRG0006","IN6251","2022-01-23","CUST55387","BRG0006",5,195000,"TABLET",39000,"IDR","KETOCONAZOLE TABLET 200 MG",205,"OGB & PH","APOTEK TAPAK","Aceh","EPM","Apotek"
"IN6317-BRG0003","IN6317","2022-01-23","CUST55522","BRG0003",10,106910,"DUS",10691,"IDR","AMPICILLIN",210,"MARCKS","APOTEK TAPAK","Aceh","EPM","Apotek"
"IN6251-BRG0005","IN6251","2022-01-23","CUST55387","BRG0005",5,235000,"TABLET",47000,"IDR","KLORPROMAZINA TABLET SALUT SELAPUT 100 MG",203,"SLCYL","APOTEK TAPAK","Aceh","EPM","Apotek"
"IN6307-BRG0002","IN6307","2022-01-23","CUST55396","BRG0002",4,448000,"DUS",112000,"IDR","ALERGINE TABLET SALUT",203,"ETIKAL","APOTEK MAJA","Kuningan","TA","Apotek"
"IN6307-BRG0006","IN6307","2022-01-23","CUST55396","BRG0006",15,585000,"TABLET",39000,"IDR","KETOCONAZOLE TABLET 200 MG",205,"OGB & PH","APOTEK MAJA","Kuningan","TA","Apotek"
"IN6280-BRG0007","IN6280","2022-01-23","CUST55384","BRG0007",10,647000,"BOTOL",64700,"IDR","ERGOTAMINE COFFEINE",206,"ETIKAL","KLINIK SAHABAT","Tangerang","TD","Klinik"
"IN6280-BRG0001","IN6280","2022-01-23","CUST55384","BRG0001",2,192000,"DUS",96000,"IDR","ACYCLOVIR DUS",206,"OGB & PH","KLINIK SAHABAT","Tangerang","TD","Klinik"
"IN6280-BRG0009","IN6280","2022-01-23","CUST55384","BRG0009",10,310000,"BOTOL",31000,"IDR","AMBROXOL HC",207,"VNS","KLINIK SAHABAT","Tangerang","TD","Klinik"
"IN6052-BRG0006","IN6052","2022-01-23","CUST55385","BRG0006",5,14095,"DUS",2819,"IDR","KETOCONAZOLE TABLET 200 MG",205,"OGB & PH","APOTEK SINAR JAYA","Bekasi","TA","Apotek"
"IN6280-BRG0005","IN6280","2022-01-23","CUST55384","BRG0005",1,5648,"DUS",5648,"IDR","KLORPROMAZINA TABLET SALUT SELAPUT 100 MG",203,"SLCYL","KLINIK SAHABAT","Tangerang","TD","Klinik"
"IN6280-BRG0010","IN6280","2022-01-23","CUST55384","BRG0010",10,210000,"BOTOL",21000,"IDR","PARACETAMOL",208,"SLCYL","KLINIK SAHABAT","Tangerang","TD","Klinik"
"IN6311-BRG0007","IN6311","2022-01-23","CUST55426","BRG0007",7,32144,"DUS",4592,"IDR","ERGOTAMINE COFFEINE",206,"ETIKAL","APOTEK MAJA","Kuningan","TA","Apotek"
"IN6251-BRG0007","IN6251","2022-01-23","CUST55387","BRG0007",12,776400,"BOTOL",64700,"IDR","ERGOTAMINE COFFEINE",206,"ETIKAL","APOTEK TAPAK","Aceh","EPM","Apotek"
"IN6251-BRG0004","IN6251","2022-01-23","CUST55387","BRG0004",5,122500,"TABLET",24500,"IDR","TRAMADOL KAPSUL 50 MG",201,"VNS","APOTEK TAPAK","Aceh","EPM","Apotek"
"IN6221-BRG0005","IN6221","2022-01-23","CUST55504","BRG0005",25,141200,"DUS",5648,"IDR","KLORPROMAZINA TABLET SALUT SELAPUT 100 MG",203,"SLCYL","KLINIK SAHABAT","Tangerang","TD","Klinik"
"IN6065-BRG0005","IN6065","2022-01-23","CUST55474","BRG0005",4,22592,"DUS",5648,"IDR","KLORPROMAZINA TABLET SALUT SELAPUT 100 MG",203,"SLCYL","KLINIK SAHABAT","Tangerang","TD","Klinik"
"IN6308-BRG0007","IN6308","2022-01-23","CUST55516","BRG0007",67,307664,"DUS",4592,"IDR","ERGOTAMINE COFFEINE",206,"ETIKAL","APOTEK MAJA","Kuningan","TA","Apotek"
"IN6308-BRG0006","IN6308","2022-01-23","CUST55397","BRG0006",10,390000,"TABLET",39000,"IDR","KETOCONAZOLE TABLET 200 MG",205,"OGB & PH","KLINIK GM","Jakarta","TA","Klinik"
"IN6089-BRG0007","IN6089","2022-01-25","CUST55386","BRG0007",9,41328,"DUS",4592,"IDR","ERGOTAMINE COFFEINE",206,"ETIKAL","APOTEK SAHABAT","Padang","EPM","Apotek"
"IN6089-BRG0007","IN6089","2022-01-25","CUST55386","BRG0007",9,582300,"BOTOL",64700,"IDR","ERGOTAMINE COFFEINE",206,"ETIKAL","APOTEK SAHABAT","Padang","EPM","Apotek"
"IN6066-BRG0009","IN6066","2022-01-27","CUST55538","BRG0009",12,69372,"DUS",5781,"IDR","AMBROXOL HC",207,"VNS","APOTEK MAJA","Kuningan","TA","Apotek"
"IN6036-BRG0009","IN6036","2022-01-27","CUST55388","BRG0009",23,132963,"DUS",5781,"IDR","AMBROXOL HC",207,"VNS","APOTEK MAJA","Kuningan","TA","Apotek"
"IN6036-BRG0003","IN6036","2022-01-27","CUST55388","BRG0003",15,255000,"BOTOL",17000,"IDR","AMPICILLIN",210,"MARCKS","APOTEK MAJA","Kuningan","TA","Apotek"
"IN6219-BRG0001","IN6219","2022-01-27","CUST55436","BRG0001",34,156128,"DUS",4592,"IDR","ACYCLOVIR DUS",206,"OGB & PH","KLINIK SAHABAT","Tangerang","TD","Klinik"
"IN6188-BRG0005","IN6188","2022-01-27","CUST55454","BRG0005",10,56480,"DUS",5648,"IDR","KLORPROMAZINA TABLET SALUT SELAPUT 100 MG",203,"SLCYL","KLINIK DR. ANDRI","Lampung","TD","Klinik"
"IN6024-BRG0001","IN6024","2022-01-27","CUST55394","BRG0001",4,384000,"DUS",96000,"IDR","ACYCLOVIR DUS",206,"OGB & PH","KLINIK DR. ANDRI","Lampung","TD","Klinik"
"IN6238-BRG0001","IN6238","2022-01-27","CUST55460","BRG0001",9,10530,"DUS",1170,"IDR","ACYCLOVIR DUS",206,"OGB & PH","APOTEK SINAR JAYA","Bekasi","TA","Apotek"
"IN6327-BRG0009","IN6327","2022-01-27","CUST55448","BRG0009",25,144525,"DUS",5781,"IDR","AMBROXOL HC",207,"VNS","APOTEK MAJA","Kuningan","TA","Apotek"
"IN6036-BRG0010","IN6036","2022-01-27","CUST55388","BRG0010",10,210000,"BOTOL",21000,"IDR","PARACETAMOL",208,"SLCYL","APOTEK MAJA","Kuningan","TA","Apotek"
"IN6074-BRG0003","IN6074","2022-01-27","CUST55472","BRG0003",98,1047718,"DUS",10691,"IDR","AMPICILLIN",210,"MARCKS","KLINIK GM","Jakarta","TA","Klinik"
"IN6024-BRG0005","IN6024","2022-01-27","CUST55394","BRG0005",12,67776,"DUS",5648,"IDR","KLORPROMAZINA TABLET SALUT SELAPUT 100 MG",203,"SLCYL","KLINIK DR. ANDRI","Lampung","TD","Klinik"
"IN6124-BRG0003","IN6124","2022-01-27","CUST55442","BRG0003",95,1015645,"DUS",10691,"IDR","AMPICILLIN",210,"MARCKS","KLINIK GM","Jakarta","TA","Klinik"
"IN6205-BRG0001","IN6205","2022-01-27","CUST55520","BRG0001",8,9360,"DUS",1170,"IDR","ACYCLOVIR DUS",206,"OGB & PH","APOTEK SINAR JAYA","Bekasi","TA","Apotek"
"IN6062-BRG0001","IN6062","2022-01-27","CUST55490","BRG0001",12,14040,"DUS",1170,"IDR","ACYCLOVIR DUS",206,"OGB & PH","APOTEK SINAR JAYA","Bekasi","TA","Apotek"
"IN6228-BRG0009","IN6228","2022-01-27","CUST55508","BRG0009",12,69372,"DUS",5781,"IDR","AMBROXOL HC",207,"VNS","APOTEK MAJA","Kuningan","TA","Apotek"
"IN6024-BRG0005","IN6024","2022-01-27","CUST55394","BRG0005",12,564000,"TABLET",47000,"IDR","KLORPROMAZINA TABLET SALUT SELAPUT 100 MG",203,"SLCYL","KLINIK DR. ANDRI","Lampung","TD","Klinik"
"IN6161-BRG0001","IN6161","2022-01-27","CUST55466","BRG0001",24,110208,"DUS",4592,"IDR","ACYCLOVIR DUS",206,"OGB & PH","KLINIK SAHABAT","Tangerang","TD","Klinik"
"IN6103-BRG0001","IN6103","2022-01-27","CUST55496","BRG0001",15,68880,"DUS",4592,"IDR","ACYCLOVIR DUS",206,"OGB & PH","KLINIK SAHABAT","Tangerang","TD","Klinik"
"IN6146-BRG0003","IN6146","2022-01-27","CUST55412","BRG0003",25,267275,"DUS",10691,"IDR","AMPICILLIN",210,"MARCKS","KLINIK GM","Jakarta","TA","Klinik"
"IN6306-BRG0004","IN6306","2022-01-27","CUST55430","BRG0004",45,1102500,"TABLET",24500,"IDR","TRAMADOL KAPSUL 50 MG",201,"VNS","APOTEK SINAR JAYA","Bekasi","TA","Apotek"
"IN6306-BRG0001","IN6306","2022-01-27","CUST55430","BRG0001",45,52650,"DUS",1170,"IDR","ACYCLOVIR DUS",206,"OGB & PH","APOTEK SINAR JAYA","Bekasi","TA","Apotek"
"IN6258-BRG0005","IN6258","2022-01-27","CUST55484","BRG0005",1,5648,"DUS",5648,"IDR","KLORPROMAZINA TABLET SALUT SELAPUT 100 MG",203,"SLCYL","KLINIK DR. ANDRI","Lampung","TD","Klinik"
"IN6131-BRG0009","IN6131","2022-01-27","CUST55418","BRG0009",10,57810,"DUS",5781,"IDR","AMBROXOL HC",207,"VNS","APOTEK MAJA","Kuningan","TA","Apotek"
"IN6024-BRG0008","IN6024","2022-01-27","CUST55394","BRG0008",12,117600,"TABLET",9800,"IDR","TETRACYCLINE KAPSUL 250 MG",204,"MARCKS","KLINIK DR. ANDRI","Lampung","TD","Klinik"
"IN6036-BRG0004","IN6036","2022-01-27","CUST55388","BRG0004",12,294000,"TABLET",24500,"IDR","TRAMADOL KAPSUL 50 MG",201,"VNS","APOTEK MAJA","Kuningan","TA","Apotek"
"IN6058-BRG0003","IN6058","2022-01-27","CUST55532","BRG0003",34,363494,"DUS",10691,"IDR","AMPICILLIN",210,"MARCKS","KLINIK GM","Jakarta","TA","Klinik"
"IN6024-BRG0006","IN6024","2022-01-27","CUST55394","BRG0006",12,468000,"TABLET",39000,"IDR","KETOCONAZOLE TABLET 200 MG",205,"OGB & PH","KLINIK DR. ANDRI","Lampung","TD","Klinik"
"IN6299-BRG0005","IN6299","2022-01-27","CUST55514","BRG0005",12,67776,"DUS",5648,"IDR","KLORPROMAZINA TABLET SALUT SELAPUT 100 MG",203,"SLCYL","KLINIK DR. ANDRI","Lampung","TD","Klinik"
"IN6024-BRG0010","IN6024","2022-01-27","CUST55394","BRG0010",16,336000,"BOTOL",21000,"IDR","PARACETAMOL",208,"SLCYL","KLINIK DR. ANDRI","Lampung","TD","Klinik"
"IN6024-BRG0007","IN6024","2022-01-27","CUST55394","BRG0007",8,517600,"BOTOL",64700,"IDR","ERGOTAMINE COFFEINE",206,"ETIKAL","KLINIK DR. ANDRI","Lampung","TD","Klinik"
"IN6173-BRG0001","IN6173","2022-01-27","CUST55406","BRG0001",12,55104,"DUS",4592,"IDR","ACYCLOVIR DUS",206,"OGB & PH","KLINIK SAHABAT","Tangerang","TD","Klinik"
"IN6113-BRG0001","IN6113","2022-01-27","CUST55400","BRG0001",12,14040,"DUS",1170,"IDR","ACYCLOVIR DUS",206,"OGB & PH","APOTEK SINAR JAYA","Bekasi","TA","Apotek"
"IN6118-BRG0003","IN6118","2022-01-27","CUST55502","BRG0003",19,203129,"DUS",10691,"IDR","AMPICILLIN",210,"MARCKS","KLINIK GM","Jakarta","TA","Klinik"
"IN6036-BRG0009","IN6036","2022-01-27","CUST55388","BRG0009",22,682000,"BOTOL",31000,"IDR","AMBROXOL HC",207,"VNS","APOTEK MAJA","Kuningan","TA","Apotek"
"IN6024-BRG0004","IN6024","2022-01-27","CUST55394","BRG0004",12,294000,"TABLET",24500,"IDR","TRAMADOL KAPSUL 50 MG",201,"VNS","KLINIK DR. ANDRI","Lampung","TD","Klinik"
"IN6003-BRG0005","IN6003","2022-01-27","CUST55424","BRG0005",9,50832,"DUS",5648,"IDR","KLORPROMAZINA TABLET SALUT SELAPUT 100 MG",203,"SLCYL","KLINIK DR. ANDRI","Lampung","TD","Klinik"
"IN6306-BRG0001","IN6306","2022-01-27","CUST55430","BRG0001",45,4320000,"DUS",96000,"IDR","ACYCLOVIR DUS",206,"OGB & PH","APOTEK SINAR JAYA","Bekasi","TA","Apotek"
"IN6306-BRG0005","IN6306","2022-01-27","CUST55430","BRG0005",34,1598000,"TABLET",47000,"IDR","KLORPROMAZINA TABLET SALUT SELAPUT 100 MG",203,"SLCYL","APOTEK SINAR JAYA","Bekasi","TA","Apotek"
"IN6136-BRG0001","IN6136","2022-01-27","CUST55526","BRG0001",78,358176,"DUS",4592,"IDR","ACYCLOVIR DUS",206,"OGB & PH","KLINIK SAHABAT","Tangerang","TD","Klinik"
"IN6095-BRG0009","IN6095","2022-01-27","CUST55478","BRG0009",5,28905,"DUS",5781,"IDR","AMBROXOL HC",207,"VNS","APOTEK MAJA","Kuningan","TA","Apotek"
"IN6314-BRG0002","IN6314","2022-01-28","CUST55527","BRG0002",45,179640,"DUS",3992,"IDR","ALERGINE TABLET SALUT",203,"ETIKAL","APOTEK SINAR JAYA","Bekasi","TA","Apotek"
"IN6070-BRG0006","IN6070","2022-01-28","CUST55485","BRG0006",23,64837,"DUS",2819,"IDR","KETOCONAZOLE TABLET 200 MG",205,"OGB & PH","APOTEK TAPAK","Aceh","EPM","Apotek"
"IN6167-BRG0002","IN6167","2022-01-28","CUST55491","BRG0002",12,28056,"DUS",2338,"IDR","ALERGINE TABLET SALUT",203,"ETIKAL","APOTEK SAHABAT","Padang","EPM","Apotek"
"IN6246-BRG0004","IN6246","2022-01-28","CUST55533","BRG0004",34,295834,"DUS",8701,"IDR","TRAMADOL KAPSUL 50 MG",201,"VNS","APOTEK MERDEKA","Bandung","TA","Apotek"
"IN6029-BRG0001","IN6029","2022-01-28","CUST55389","BRG0001",1,96000,"DUS",96000,"IDR","ACYCLOVIR DUS",206,"OGB & PH","KLINIK GM","Jakarta","TA","Klinik"
"IN6162-BRG0004","IN6162","2022-01-28","CUST55503","BRG0004",12,104412,"DUS",8701,"IDR","TRAMADOL KAPSUL 50 MG",201,"VNS","APOTEK MERDEKA","Bandung","TA","Apotek"
"IN5981-BRG0004","IN5981","2022-01-28","CUST55443","BRG0004",76,661276,"DUS",8701,"IDR","TRAMADOL KAPSUL 50 MG",201,"VNS","APOTEK MERDEKA","Bandung","TA","Apotek"
"IN6013-BRG0002","IN6013","2022-01-28","CUST55407","BRG0002",25,99800,"DUS",3992,"IDR","ALERGINE TABLET SALUT",203,"ETIKAL","APOTEK SINAR JAYA","Bekasi","TA","Apotek"
"IN6053-BRG0002","IN6053","2022-01-28","CUST55437","BRG0002",44,175648,"DUS",3992,"IDR","ALERGINE TABLET SALUT",203,"ETIKAL","APOTEK SINAR JAYA","Bekasi","TA","Apotek"
"IN6116-BRG0006","IN6116","2022-01-28","CUST55455","BRG0006",67,188873,"DUS",2819,"IDR","KETOCONAZOLE TABLET 200 MG",205,"OGB & PH","APOTEK TAPAK","Aceh","EPM","Apotek"
"IN6141-BRG0002","IN6141","2022-01-28","CUST55401","BRG0002",25,58450,"DUS",2338,"IDR","ALERGINE TABLET SALUT",203,"ETIKAL","APOTEK SAHABAT","Padang","EPM","Apotek"
"IN6230-BRG0004","IN6230","2022-01-28","CUST55413","BRG0004",14,121814,"DUS",8701,"IDR","TRAMADOL KAPSUL 50 MG",201,"VNS","APOTEK MERDEKA","Bandung","TA","Apotek"
"IN6029-BRG0005","IN6029","2022-01-28","CUST55389","BRG0005",7,329000,"TABLET",47000,"IDR","KLORPROMAZINA TABLET SALUT SELAPUT 100 MG",203,"SLCYL","KLINIK GM","Jakarta","TA","Klinik"
"IN6131-BRG0009","IN6131","2022-01-28","CUST55418","BRG0009",10,310000,"BOTOL",31000,"IDR","AMBROXOL HC",207,"VNS","APOTEK MAJA","Kuningan","TA","Apotek"
"IN6184-BRG0004","IN6184","2022-01-28","CUST55395","BRG0004",25,612500,"TABLET",24500,"IDR","TRAMADOL KAPSUL 50 MG",201,"VNS","APOTEK TAPAK","Aceh","EPM","Apotek"
"IN6029-BRG0010","IN6029","2022-01-28","CUST55389","BRG0010",20,420000,"BOTOL",21000,"IDR","PARACETAMOL",208,"SLCYL","KLINIK GM","Jakarta","TA","Klinik"
"IN6029-BRG0003","IN6029","2022-01-28","CUST55389","BRG0003",5,85000,"BOTOL",17000,"IDR","AMPICILLIN",210,"MARCKS","KLINIK GM","Jakarta","TA","Klinik"
"IN6200-BRG0004","IN6200","2022-01-28","CUST55473","BRG0004",5,43505,"DUS",8701,"IDR","TRAMADOL KAPSUL 50 MG",201,"VNS","APOTEK MERDEKA","Bandung","TA","Apotek"
"IN6064-BRG0006","IN6064","2022-01-28","CUST55515","BRG0006",10,28190,"DUS",2819,"IDR","KETOCONAZOLE TABLET 200 MG",205,"OGB & PH","APOTEK TAPAK","Aceh","EPM","Apotek"
"IN6029-BRG0004","IN6029","2022-01-28","CUST55389","BRG0004",7,171500,"TABLET",24500,"IDR","TRAMADOL KAPSUL 50 MG",201,"VNS","KLINIK GM","Jakarta","TA","Klinik"
"IN6292-BRG0002","IN6292","2022-01-28","CUST55467","BRG0002",10,39920,"DUS",3992,"IDR","ALERGINE TABLET SALUT",203,"ETIKAL","APOTEK SINAR JAYA","Bekasi","TA","Apotek"
"IN6262-BRG0010","IN6262","2022-01-28","CUST55419","BRG0010",67,464980,"DUS",6940,"IDR","PARACETAMOL",208,"SLCYL","KLINIK GM","Jakarta","TA","Klinik"
"IN6131-BRG0010","IN6131","2022-01-28","CUST55418","BRG0010",27,567000,"BOTOL",21000,"IDR","PARACETAMOL",208,"SLCYL","APOTEK MAJA","Kuningan","TA","Apotek"
"IN6253-BRG0002","IN6253","2022-01-28","CUST55431","BRG0002",34,79492,"DUS",2338,"IDR","ALERGINE TABLET SALUT",203,"ETIKAL","APOTEK SAHABAT","Padang","EPM","Apotek"
"IN6184-BRG0006","IN6184","2022-01-28","CUST55395","BRG0006",25,70475,"DUS",2819,"IDR","KETOCONAZOLE TABLET 200 MG",205,"OGB & PH","APOTEK TAPAK","Aceh","EPM","Apotek"
"IN6247-BRG0006","IN6247","2022-01-28","CUST55425","BRG0006",10,28190,"DUS",2819,"IDR","KETOCONAZOLE TABLET 200 MG",205,"OGB & PH","APOTEK TAPAK","Aceh","EPM","Apotek"
"IN6029-BRG0010","IN6029","2022-01-28","CUST55389","BRG0010",4,27760,"DUS",6940,"IDR","PARACETAMOL",208,"SLCYL","KLINIK GM","Jakarta","TA","Klinik"
"IN6303-BRG0010","IN6303","2022-01-28","CUST55539","BRG0010",95,659300,"DUS",6940,"IDR","PARACETAMOL",208,"SLCYL","KLINIK GM","Jakarta","TA","Klinik"
"IN6325-BRG0002","IN6325","2022-01-28","CUST55521","BRG0002",9,21042,"DUS",2338,"IDR","ALERGINE TABLET SALUT",203,"ETIKAL","APOTEK SAHABAT","Padang","EPM","Apotek"
"IN6029-BRG0006","IN6029","2022-01-28","CUST55389","BRG0006",7,273000,"TABLET",39000,"IDR","KETOCONAZOLE TABLET 200 MG",205,"OGB & PH","KLINIK GM","Jakarta","TA","Klinik"
"IN6199-BRG0010","IN6199","2022-01-28","CUST55509","BRG0010",25,173500,"DUS",6940,"IDR","PARACETAMOL",208,"SLCYL","KLINIK GM","Jakarta","TA","Klinik"
"IN6172-BRG0002","IN6172","2022-01-28","CUST55497","BRG0002",12,47904,"DUS",3992,"IDR","ALERGINE TABLET SALUT",203,"ETIKAL","APOTEK SINAR JAYA","Bekasi","TA","Apotek"
"IN6029-BRG0007","IN6029","2022-01-28","CUST55389","BRG0007",14,905800,"BOTOL",64700,"IDR","ERGOTAMINE COFFEINE",206,"ETIKAL","KLINIK GM","Jakarta","TA","Klinik"
"IN6184-BRG0006","IN6184","2022-01-28","CUST55395","BRG0006",25,975000,"TABLET",39000,"IDR","KETOCONAZOLE TABLET 200 MG",205,"OGB & PH","APOTEK TAPAK","Aceh","EPM","Apotek"
"IN6029-BRG0009","IN6029","2022-01-28","CUST55389","BRG0009",18,558000,"BOTOL",31000,"IDR","AMBROXOL HC",207,"VNS","KLINIK GM","Jakarta","TA","Klinik"
"IN6119-BRG0010","IN6119","2022-01-28","CUST55449","BRG0010",14,97160,"DUS",6940,"IDR","PARACETAMOL",208,"SLCYL","KLINIK GM","Jakarta","TA","Klinik"
"IN6049-BRG0010","IN6049","2022-01-28","CUST55479","BRG0010",9,62460,"DUS",6940,"IDR","PARACETAMOL",208,"SLCYL","KLINIK GM","Jakarta","TA","Klinik"
"IN6184-BRG0003","IN6184","2022-01-28","CUST55395","BRG0003",12,204000,"BOTOL",17000,"IDR","AMPICILLIN",210,"MARCKS","APOTEK TAPAK","Aceh","EPM","Apotek"
"IN6184-BRG0002","IN6184","2022-01-28","CUST55395","BRG0002",1,112000,"DUS",112000,"IDR","ALERGINE TABLET SALUT",203,"ETIKAL","APOTEK TAPAK","Aceh","EPM","Apotek"
"IN6029-BRG0008","IN6029","2022-01-28","CUST55389","BRG0008",8,78400,"TABLET",9800,"IDR","TETRACYCLINE KAPSUL 250 MG",204,"MARCKS","KLINIK GM","Jakarta","TA","Klinik"
"IN6214-BRG0002","IN6214","2022-01-28","CUST55461","BRG0002",21,49098,"DUS",2338,"IDR","ALERGINE TABLET SALUT",203,"ETIKAL","APOTEK SAHABAT","Padang","EPM","Apotek"
"IN6104-BRG0004","IN6104","2022-01-30","CUST55433","BRG0004",45,391545,"DUS",8701,"IDR","TRAMADOL KAPSUL 50 MG",201,"VNS","APOTEK MAJA","Kuningan","TA","Apotek"
"IN6323-BRG0004","IN6323","2022-01-30","CUST55439","BRG0004",6,41640,"DUS",6940,"IDR","TRAMADOL KAPSUL 50 MG",201,"VNS","KLINIK DR. ANDRI","Lampung","TD","Klinik"
"IN6208-BRG0006","IN6208","2022-01-30","CUST55475","BRG0006",8,22552,"DUS",2819,"IDR","KETOCONAZOLE TABLET 200 MG",205,"OGB & PH","APOTEK SINAR JAYA","Bekasi","TA","Apotek"
"IN6245-BRG0008","IN6245","2022-01-30","CUST55397","BRG0008",34,333200,"TABLET",9800,"IDR","TETRACYCLINE KAPSUL 250 MG",204,"MARCKS","KLINIK GM","Jakarta","TA","Klinik"
"IN6245-BRG0008","IN6245","2022-01-30","CUST55397","BRG0008",34,135728,"DUS",3992,"IDR","TETRACYCLINE KAPSUL 250 MG",204,"MARCKS","KLINIK GM","Jakarta","TA","Klinik"
"IN6287-BRG0010","IN6287","2022-01-30","CUST55391","BRG0010",16,336000,"BOTOL",21000,"IDR","PARACETAMOL",208,"SLCYL","KLINIK SAHABAT","Tangerang","TD","Klinik"
"IN6028-BRG0003","IN6028","2022-01-30","CUST55420","BRG0003",4,68000,"BOTOL",17000,"IDR","AMPICILLIN",210,"MARCKS","APOTEK MERDEKA","Bandung","TA","Apotek"
"IN6176-BRG0004","IN6176","2022-01-30","CUST55403","BRG0004",18,156618,"DUS",8701,"IDR","TRAMADOL KAPSUL 50 MG",201,"VNS","APOTEK MAJA","Kuningan","TA","Apotek"
"IN6028-BRG0008","IN6028","2022-01-30","CUST55420","BRG0008",100,980000,"TABLET",9800,"IDR","TETRACYCLINE KAPSUL 250 MG",204,"MARCKS","APOTEK MERDEKA","Bandung","TA","Apotek"
"IN6287-BRG0002","IN6287","2022-01-30","CUST55391","BRG0002",17,39746,"DUS",2338,"IDR","ALERGINE TABLET SALUT",203,"ETIKAL","KLINIK SAHABAT","Tangerang","TD","Klinik"
"IN6235-BRG0002","IN6235","2022-01-30","CUST55451","BRG0002",10,23380,"DUS",2338,"IDR","ALERGINE TABLET SALUT",203,"ETIKAL","KLINIK SAHABAT","Tangerang","TD","Klinik"
"IN6248-BRG0008","IN6248","2022-01-30","CUST55427","BRG0008",100,399200,"DUS",3992,"IDR","TETRACYCLINE KAPSUL 250 MG",204,"MARCKS","KLINIK GM","Jakarta","TA","Klinik"
"IN6163-BRG0002","IN6163","2022-01-30","CUST55421","BRG0002",5,11690,"DUS",2338,"IDR","ALERGINE TABLET SALUT",203,"ETIKAL","KLINIK SAHABAT","Tangerang","TD","Klinik"
"IN6028-BRG0002","IN6028","2022-01-30","CUST55420","BRG0002",5,560000,"DUS",112000,"IDR","ALERGINE TABLET SALUT",203,"ETIKAL","APOTEK MERDEKA","Bandung","TA","Apotek"
"IN6028-BRG0009","IN6028","2022-01-30","CUST55420","BRG0009",67,2077000,"BOTOL",31000,"IDR","AMBROXOL HC",207,"VNS","APOTEK MERDEKA","Bandung","TA","Apotek"
"IN6170-BRG0006","IN6170","2022-01-30","CUST55505","BRG0006",14,39466,"DUS",2819,"IDR","KETOCONAZOLE TABLET 200 MG",205,"OGB & PH","APOTEK SINAR JAYA","Bekasi","TA","Apotek"
"IN6287-BRG0002","IN6287","2022-01-30","CUST55391","BRG0002",17,1904000,"DUS",112000,"IDR","ALERGINE TABLET SALUT",203,"ETIKAL","KLINIK SAHABAT","Tangerang","TD","Klinik"
"IN6108-BRG0004","IN6108","2022-01-30","CUST55409","BRG0004",21,145740,"DUS",6940,"IDR","TRAMADOL KAPSUL 50 MG",201,"VNS","KLINIK DR. ANDRI","Lampung","TD","Klinik"
"IN6305-BRG0004","IN6305","2022-01-30","CUST55493","BRG0004",14,121814,"DUS",8701,"IDR","TRAMADOL KAPSUL 50 MG",201,"VNS","APOTEK MAJA","Kuningan","TA","Apotek"
"IN6278-BRG0004","IN6278","2022-01-30","CUST55499","BRG0004",14,97160,"DUS",6940,"IDR","TRAMADOL KAPSUL 50 MG",201,"VNS","KLINIK DR. ANDRI","Lampung","TD","Klinik"
"IN6028-BRG0005","IN6028","2022-01-30","CUST55420","BRG0005",9,423000,"TABLET",47000,"IDR","KLORPROMAZINA TABLET SALUT SELAPUT 100 MG",203,"SLCYL","APOTEK MERDEKA","Bandung","TA","Apotek"
"IN6107-BRG0002","IN6107","2022-01-30","CUST55511","BRG0002",24,56112,"DUS",2338,"IDR","ALERGINE TABLET SALUT",203,"ETIKAL","KLINIK SAHABAT","Tangerang","TD","Klinik"
"IN6028-BRG0007","IN6028","2022-01-30","CUST55420","BRG0007",7,452900,"BOTOL",64700,"IDR","ERGOTAMINE COFFEINE",206,"ETIKAL","APOTEK MERDEKA","Bandung","TA","Apotek"
"IN6281-BRG0006","IN6281","2022-01-30","CUST55415","BRG0006",10,28190,"DUS",2819,"IDR","KETOCONAZOLE TABLET 200 MG",205,"OGB & PH","APOTEK SINAR JAYA","Bekasi","TA","Apotek"
"IN6028-BRG0004","IN6028","2022-01-30","CUST55420","BRG0004",8,196000,"TABLET",24500,"IDR","TRAMADOL KAPSUL 50 MG",201,"VNS","APOTEK MERDEKA","Bandung","TA","Apotek"
"IN6279-BRG0004","IN6279","2022-01-30","CUST55529","BRG0004",20,138800,"DUS",6940,"IDR","TRAMADOL KAPSUL 50 MG",201,"VNS","KLINIK DR. ANDRI","Lampung","TD","Klinik"
"IN6025-BRG0004","IN6025","2022-01-30","CUST55523","BRG0004",7,60907,"DUS",8701,"IDR","TRAMADOL KAPSUL 50 MG",201,"VNS","APOTEK MAJA","Kuningan","TA","Apotek"
"IN6099-BRG0008","IN6099","2022-01-30","CUST55457","BRG0008",5,19960,"DUS",3992,"IDR","TETRACYCLINE KAPSUL 250 MG",204,"MARCKS","KLINIK GM","Jakarta","TA","Klinik"
"IN6008-BRG0004","IN6008","2022-01-30","CUST55469","BRG0004",12,83280,"DUS",6940,"IDR","TRAMADOL KAPSUL 50 MG",201,"VNS","KLINIK DR. ANDRI","Lampung","TD","Klinik"
"IN6276-BRG0002","IN6276","2022-01-30","CUST55481","BRG0002",1,2338,"DUS",2338,"IDR","ALERGINE TABLET SALUT",203,"ETIKAL","KLINIK SAHABAT","Tangerang","TD","Klinik"
"IN6240-BRG0002","IN6240","2022-01-30","CUST55541","BRG0002",48,112224,"DUS",2338,"IDR","ALERGINE TABLET SALUT",203,"ETIKAL","KLINIK SAHABAT","Tangerang","TD","Klinik"
"IN6287-BRG0006","IN6287","2022-01-30","CUST55391","BRG0006",20,780000,"TABLET",39000,"IDR","KETOCONAZOLE TABLET 200 MG",205,"OGB & PH","KLINIK SAHABAT","Tangerang","TD","Klinik"
"IN6256-BRG0004","IN6256","2022-01-30","CUST55463","BRG0004",12,104412,"DUS",8701,"IDR","TRAMADOL KAPSUL 50 MG",201,"VNS","APOTEK MAJA","Kuningan","TA","Apotek"
"IN6038-BRG0008","IN6038","2022-01-30","CUST55517","BRG0008",98,391216,"DUS",3992,"IDR","TETRACYCLINE KAPSUL 250 MG",204,"MARCKS","KLINIK GM","Jakarta","TA","Klinik"
"IN6028-BRG0010","IN6028","2022-01-30","CUST55420","BRG0010",78,1638000,"BOTOL",21000,"IDR","PARACETAMOL",208,"SLCYL","APOTEK MERDEKA","Bandung","TA","Apotek"
"IN6028-BRG0006","IN6028","2022-01-30","CUST55420","BRG0006",10,390000,"TABLET",39000,"IDR","KETOCONAZOLE TABLET 200 MG",205,"OGB & PH","APOTEK MERDEKA","Bandung","TA","Apotek"
"IN5982-BRG0006","IN5982","2022-01-30","CUST55535","BRG0006",5,14095,"DUS",2819,"IDR","KETOCONAZOLE TABLET 200 MG",205,"OGB & PH","APOTEK SINAR JAYA","Bekasi","TA","Apotek"
"IN6122-BRG0006","IN6122","2022-01-30","CUST55445","BRG0006",21,59199,"DUS",2819,"IDR","KETOCONAZOLE TABLET 200 MG",205,"OGB & PH","APOTEK SINAR JAYA","Bekasi","TA","Apotek"
"IN6028-BRG0001","IN6028","2022-01-30","CUST55420","BRG0001",98,9408000,"DUS",96000,"IDR","ACYCLOVIR DUS",206,"OGB & PH","APOTEK MERDEKA","Bandung","TA","Apotek"
"IN6083-BRG0008","IN6083","2022-01-30","CUST55487","BRG0008",2,7984,"DUS",3992,"IDR","TETRACYCLINE KAPSUL 250 MG",204,"MARCKS","KLINIK GM","Jakarta","TA","Klinik"
"IN6196-BRG0001","IN6196","2022-01-31","CUST55530","BRG0001",45,52650,"DUS",1170,"IDR","ACYCLOVIR DUS",206,"OGB & PH","APOTEK TAPAK","Aceh","EPM","Apotek"
"IN6203-BRG0005","IN6203","2022-01-31","CUST55524","BRG0005",100,564800,"DUS",5648,"IDR","KLORPROMAZINA TABLET SALUT SELAPUT 100 MG",203,"SLCYL","KLINIK GM","Jakarta","TA","Klinik"
"IN6102-BRG0003","IN6102","2022-01-31","CUST55392","BRG0003",11,187000,"BOTOL",17000,"IDR","AMPICILLIN",210,"MARCKS","APOTEK SINAR JAYA","Bekasi","TA","Apotek"
"IN6015-BRG0003","IN6015","2022-01-31","CUST55482","BRG0003",5,53455,"DUS",10691,"IDR","AMPICILLIN",210,"MARCKS","APOTEK SINAR JAYA","Bekasi","TA","Apotek"
"IN6130-BRG0009","IN6130","2022-01-31","CUST55518","BRG0009",5,28905,"DUS",5781,"IDR","AMBROXOL HC",207,"VNS","APOTEK MERDEKA","Bandung","TA","Apotek"
"IN6195-BRG0004","IN6195","2022-01-31","CUST55398","BRG0004",10,245000,"TABLET",24500,"IDR","TRAMADOL KAPSUL 50 MG",201,"VNS","APOTEK MERDEKA","Bandung","TA","Apotek"
"IN6102-BRG0007","IN6102","2022-01-31","CUST55392","BRG0007",24,1552800,"BOTOL",64700,"IDR","ERGOTAMINE COFFEINE",206,"ETIKAL","APOTEK SINAR JAYA","Bekasi","TA","Apotek"
"IN6175-BRG0005","IN6175","2022-01-31","CUST55404","BRG0005",18,101664,"DUS",5648,"IDR","KLORPROMAZINA TABLET SALUT SELAPUT 100 MG",203,"SLCYL","KLINIK GM","Jakarta","TA","Klinik"
"IN6068-BRG0007","IN6068","2022-01-31","CUST55536","BRG0007",6,27552,"DUS",4592,"IDR","ERGOTAMINE COFFEINE",206,"ETIKAL","APOTEK SAHABAT","Padang","EPM","Apotek"
"IN6241-BRG0001","IN6241","2022-01-31","CUST55440","BRG0001",79,92430,"DUS",1170,"IDR","ACYCLOVIR DUS",206,"OGB & PH","APOTEK TAPAK","Aceh","EPM","Apotek"
"IN6255-BRG0007","IN6255","2022-01-31","CUST55446","BRG0007",22,101024,"DUS",4592,"IDR","ERGOTAMINE COFFEINE",206,"ETIKAL","APOTEK SAHABAT","Padang","EPM","Apotek"
"IN6321-BRG0001","IN6321","2022-01-31","CUST55410","BRG0001",22,25740,"DUS",1170,"IDR","ACYCLOVIR DUS",206,"OGB & PH","APOTEK TAPAK","Aceh","EPM","Apotek"
"IN6244-BRG0003","IN6244","2022-01-31","CUST55542","BRG0003",21,224511,"DUS",10691,"IDR","AMPICILLIN",210,"MARCKS","APOTEK SINAR JAYA","Bekasi","TA","Apotek"
"IN6042-BRG0009","IN6042","2022-01-31","CUST55428","BRG0009",67,387327,"DUS",5781,"IDR","AMBROXOL HC",207,"VNS","APOTEK MERDEKA","Bandung","TA","Apotek"
"IN6195-BRG0009","IN6195","2022-01-31","CUST55398","BRG0009",67,2077000,"BOTOL",31000,"IDR","AMBROXOL HC",207,"VNS","APOTEK MERDEKA","Bandung","TA","Apotek"
"IN6195-BRG0009","IN6195","2022-01-31","CUST55398","BRG0009",67,387327,"DUS",5781,"IDR","AMBROXOL HC",207,"VNS","APOTEK MERDEKA","Bandung","TA","Apotek"
"IN6326-BRG0009","IN6326","2022-01-31","CUST55458","BRG0009",4,23124,"DUS",5781,"IDR","AMBROXOL HC",207,"VNS","APOTEK MERDEKA","Bandung","TA","Apotek"
"IN6040-BRG0001","IN6040","2022-01-31","CUST55470","BRG0001",10,11700,"DUS",1170,"IDR","ACYCLOVIR DUS",206,"OGB & PH","APOTEK TAPAK","Aceh","EPM","Apotek"
"IN6102-BRG0003","IN6102","2022-01-31","CUST55392","BRG0003",11,117601,"DUS",10691,"IDR","AMPICILLIN",210,"MARCKS","APOTEK SINAR JAYA","Bekasi","TA","Apotek"
"IN6152-BRG0003","IN6152","2022-01-31","CUST55512","BRG0003",10,106910,"DUS",10691,"IDR","AMPICILLIN",210,"MARCKS","APOTEK SINAR JAYA","Bekasi","TA","Apotek"
"IN6226-BRG0007","IN6226","2022-01-31","CUST55416","BRG0007",23,105616,"DUS",4592,"IDR","ERGOTAMINE COFFEINE",206,"ETIKAL","APOTEK SAHABAT","Padang","EPM","Apotek"
"IN6148-BRG0007","IN6148","2022-01-31","CUST55476","BRG0007",9,41328,"DUS",4592,"IDR","ERGOTAMINE COFFEINE",206,"ETIKAL","APOTEK SAHABAT","Padang","EPM","Apotek"
"IN6050-BRG0005","IN6050","2022-01-31","CUST55434","BRG0005",34,192032,"DUS",5648,"IDR","KLORPROMAZINA TABLET SALUT SELAPUT 100 MG",203,"SLCYL","KLINIK GM","Jakarta","TA","Klinik"
"IN6322-BRG0009","IN6322","2022-01-31","CUST55488","BRG0009",17,98277,"DUS",5781,"IDR","AMBROXOL HC",207,"VNS","APOTEK MERDEKA","Bandung","TA","Apotek"
"IN6045-BRG0007","IN6045","2022-01-31","CUST55506","BRG0007",21,96432,"DUS",4592,"IDR","ERGOTAMINE COFFEINE",206,"ETIKAL","APOTEK SAHABAT","Padang","EPM","Apotek"
"IN6191-BRG0003","IN6191","2022-01-31","CUST55422","BRG0003",4,42764,"DUS",10691,"IDR","AMPICILLIN",210,"MARCKS","APOTEK SINAR JAYA","Bekasi","TA","Apotek"
"IN6195-BRG0007","IN6195","2022-01-31","CUST55398","BRG0007",10,647000,"BOTOL",64700,"IDR","ERGOTAMINE COFFEINE",206,"ETIKAL","APOTEK MERDEKA","Bandung","TA","Apotek"
"IN6079-BRG0005","IN6079","2022-01-31","CUST55494","BRG0005",34,192032,"DUS",5648,"IDR","KLORPROMAZINA TABLET SALUT SELAPUT 100 MG",203,"SLCYL","KLINIK GM","Jakarta","TA","Klinik"
"IN6186-BRG0001","IN6186","2022-01-31","CUST55500","BRG0001",18,21060,"DUS",1170,"IDR","ACYCLOVIR DUS",206,"OGB & PH","APOTEK TAPAK","Aceh","EPM","Apotek"
"IN6048-BRG0005","IN6048","2022-01-31","CUST55464","BRG0005",25,141200,"DUS",5648,"IDR","KLORPROMAZINA TABLET SALUT SELAPUT 100 MG",203,"SLCYL","KLINIK GM","Jakarta","TA","Klinik"
"IN6263-BRG0003","IN6263","2022-01-31","CUST55452","BRG0003",130,1389830,"DUS",10691,"IDR","AMPICILLIN",210,"MARCKS","APOTEK SINAR JAYA","Bekasi","TA","Apotek"
"IN6023-BRG0008","IN6023","2022-02-01","CUST55399","BRG0008",10,98000,"TABLET",9800,"IDR","TETRACYCLINE KAPSUL 250 MG",204,"MARCKS","KLINIK SAHABAT","Tangerang","TD","Klinik"
"IN6259-BRG0003","IN6259","2022-02-01","CUST55405","BRG0003",14,238000,"BOTOL",17000,"IDR","AMPICILLIN",210,"MARCKS","APOTEK MERDEKA","Bandung","TA","Apotek"
"IN6320-BRG0006","IN6320","2022-02-01","CUST55495","BRG0006",67,188873,"DUS",2819,"IDR","KETOCONAZOLE TABLET 200 MG",205,"OGB & PH","APOTEK MERDEKA","Bandung","TA","Apotek"
"IN6113-BRG0002","IN6113","2022-02-01","CUST55382","BRG0002",2,224000,"DUS",112000,"IDR","ALERGINE TABLET SALUT",203,"ETIKAL","KLINIK GM","Jakarta","TA","Klinik"
"IN6063-BRG0002","IN6063","2022-02-01","CUST55417","BRG0002",25,2800000,"DUS",112000,"IDR","ALERGINE TABLET SALUT",203,"ETIKAL","APOTEK TAPAK","Aceh","EPM","Apotek"
"IN6023-BRG0006","IN6023","2022-02-01","CUST55399","BRG0006",10,390000,"TABLET",39000,"IDR","KETOCONAZOLE TABLET 200 MG",205,"OGB & PH","KLINIK SAHABAT","Tangerang","TD","Klinik"
"IN6301-BRG0004","IN6301","2022-02-01","CUST55393","BRG0004",12,104412,"DUS",8701,"IDR","TRAMADOL KAPSUL 50 MG",201,"VNS","APOTEK SAHABAT","Padang","EPM","Apotek"
"IN6054-BRG0006","IN6054","2022-02-01","CUST55435","BRG0006",34,95846,"DUS",2819,"IDR","KETOCONAZOLE TABLET 200 MG",205,"OGB & PH","APOTEK MERDEKA","Bandung","TA","Apotek"
"IN6134-BRG0002","IN6134","2022-02-01","CUST55441","BRG0002",12,28056,"DUS",2338,"IDR","ALERGINE TABLET SALUT",203,"ETIKAL","APOTEK MAJA","Kuningan","TA","Apotek"
"IN6060-BRG0004","IN6060","2022-02-01","CUST55543","BRG0004",22,191422,"DUS",8701,"IDR","TRAMADOL KAPSUL 50 MG",201,"VNS","APOTEK SAHABAT","Padang","EPM","Apotek"
"IN6023-BRG0010","IN6023","2022-02-01","CUST55399","BRG0010",15,315000,"BOTOL",21000,"IDR","PARACETAMOL",208,"SLCYL","KLINIK SAHABAT","Tangerang","TD","Klinik"
"IN5994-BRG0002","IN5994","2022-02-01","CUST55411","BRG0002",12,28056,"DUS",2338,"IDR","ALERGINE TABLET SALUT",203,"ETIKAL","APOTEK MAJA","Kuningan","TA","Apotek"
"IN6243-BRG0006","IN6243","2022-02-01","CUST55525","BRG0006",67,188873,"DUS",2819,"IDR","KETOCONAZOLE TABLET 200 MG",205,"OGB & PH","APOTEK MERDEKA","Bandung","TA","Apotek"
"IN6017-BRG0004","IN6017","2022-02-01","CUST55513","BRG0004",23,200123,"DUS",8701,"IDR","TRAMADOL KAPSUL 50 MG",201,"VNS","APOTEK SAHABAT","Padang","EPM","Apotek"
"IN6113-BRG0004","IN6113","2022-02-01","CUST55382","BRG0004",12,294000,"TABLET",24500,"IDR","TRAMADOL KAPSUL 50 MG",201,"VNS","KLINIK GM","Jakarta","TA","Klinik"
"IN6113-BRG0001","IN6113","2022-02-01","CUST55382","BRG0001",2,192000,"DUS",96000,"IDR","ACYCLOVIR DUS",206,"OGB & PH","KLINIK GM","Jakarta","TA","Klinik"
"IN6301-BRG0004","IN6301","2022-02-01","CUST55393","BRG0004",12,294000,"TABLET",24500,"IDR","TRAMADOL KAPSUL 50 MG",201,"VNS","APOTEK SAHABAT","Padang","EPM","Apotek"
"IN6266-BRG0002","IN6266","2022-02-01","CUST55531","BRG0002",34,79492,"DUS",2338,"IDR","ALERGINE TABLET SALUT",203,"ETIKAL","APOTEK MAJA","Kuningan","TA","Apotek"
"IN6063-BRG0001","IN6063","2022-02-01","CUST55417","BRG0001",12,1152000,"DUS",96000,"IDR","ACYCLOVIR DUS",206,"OGB & PH","APOTEK TAPAK","Aceh","EPM","Apotek"
"IN6269-BRG0004","IN6269","2022-02-01","CUST55453","BRG0004",12,104412,"DUS",8701,"IDR","TRAMADOL KAPSUL 50 MG",201,"VNS","APOTEK SAHABAT","Padang","EPM","Apotek"
"IN6005-BRG0008","IN6005","2022-02-01","CUST55447","BRG0008",12,47904,"DUS",3992,"IDR","TETRACYCLINE KAPSUL 250 MG",204,"MARCKS","APOTEK TAPAK","Aceh","EPM","Apotek"
"IN6120-BRG0006","IN6120","2022-02-01","CUST55465","BRG0006",14,39466,"DUS",2819,"IDR","KETOCONAZOLE TABLET 200 MG",205,"OGB & PH","APOTEK MERDEKA","Bandung","TA","Apotek"
"IN6063-BRG0004","IN6063","2022-02-01","CUST55417","BRG0004",21,514500,"TABLET",24500,"IDR","TRAMADOL KAPSUL 50 MG",201,"VNS","APOTEK TAPAK","Aceh","EPM","Apotek"
"IN6063-BRG0008","IN6063","2022-02-01","CUST55417","BRG0008",12,47904,"DUS",3992,"IDR","TETRACYCLINE KAPSUL 250 MG",204,"MARCKS","APOTEK TAPAK","Aceh","EPM","Apotek"
"IN6072-BRG0008","IN6072","2022-02-01","CUST55477","BRG0008",1,3992,"DUS",3992,"IDR","TETRACYCLINE KAPSUL 250 MG",204,"MARCKS","APOTEK TAPAK","Aceh","EPM","Apotek"
"IN6063-BRG0010","IN6063","2022-02-01","CUST55417","BRG0010",67,1407000,"BOTOL",21000,"IDR","PARACETAMOL",208,"SLCYL","APOTEK TAPAK","Aceh","EPM","Apotek"
"IN6259-BRG0004","IN6259","2022-02-01","CUST55405","BRG0004",18,441000,"TABLET",24500,"IDR","TRAMADOL KAPSUL 50 MG",201,"VNS","APOTEK MERDEKA","Bandung","TA","Apotek"
"IN6023-BRG0005","IN6023","2022-02-01","CUST55399","BRG0005",10,470000,"TABLET",47000,"IDR","KLORPROMAZINA TABLET SALUT SELAPUT 100 MG",203,"SLCYL","KLINIK SAHABAT","Tangerang","TD","Klinik"
"IN6301-BRG0009","IN6301","2022-02-01","CUST55393","BRG0009",10,310000,"BOTOL",31000,"IDR","AMBROXOL HC",207,"VNS","APOTEK SAHABAT","Padang","EPM","Apotek"
"IN6084-BRG0002","IN6084","2022-02-01","CUST55471","BRG0002",67,156646,"DUS",2338,"IDR","ALERGINE TABLET SALUT",203,"ETIKAL","APOTEK MAJA","Kuningan","TA","Apotek"
"IN6259-BRG0002","IN6259","2022-02-01","CUST55405","BRG0002",25,2800000,"DUS",112000,"IDR","ALERGINE TABLET SALUT",203,"ETIKAL","APOTEK MERDEKA","Bandung","TA","Apotek"
"IN6274-BRG0004","IN6274","2022-02-01","CUST55423","BRG0004",8,69608,"DUS",8701,"IDR","TRAMADOL KAPSUL 50 MG",201,"VNS","APOTEK SAHABAT","Padang","EPM","Apotek"
"IN6291-BRG0010","IN6291","2022-02-01","CUST55489","BRG0010",11,76340,"DUS",6940,"IDR","PARACETAMOL",208,"SLCYL","KLINIK SAHABAT","Tangerang","TD","Klinik"
"IN6063-BRG0003","IN6063","2022-02-01","CUST55417","BRG0003",14,238000,"BOTOL",17000,"IDR","AMPICILLIN",210,"MARCKS","APOTEK TAPAK","Aceh","EPM","Apotek"
"IN6259-BRG0006","IN6259","2022-02-01","CUST55405","BRG0006",19,741000,"TABLET",39000,"IDR","KETOCONAZOLE TABLET 200 MG",205,"OGB & PH","APOTEK MERDEKA","Bandung","TA","Apotek"
"IN6211-BRG0002","IN6211","2022-02-01","CUST55501","BRG0002",18,42084,"DUS",2338,"IDR","ALERGINE TABLET SALUT",203,"ETIKAL","APOTEK MAJA","Kuningan","TA","Apotek"
"IN6113-BRG0005","IN6113","2022-02-01","CUST55382","BRG0005",12,564000,"TABLET",47000,"IDR","KLORPROMAZINA TABLET SALUT SELAPUT 100 MG",203,"SLCYL","KLINIK GM","Jakarta","TA","Klinik"
"IN6063-BRG0006","IN6063","2022-02-01","CUST55417","BRG0006",10,390000,"TABLET",39000,"IDR","KETOCONAZOLE TABLET 200 MG",205,"OGB & PH","APOTEK TAPAK","Aceh","EPM","Apotek"
"IN6063-BRG0008","IN6063","2022-02-01","CUST55417","BRG0008",12,117600,"TABLET",9800,"IDR","TETRACYCLINE KAPSUL 250 MG",204,"MARCKS","APOTEK TAPAK","Aceh","EPM","Apotek"
"IN6023-BRG0004","IN6023","2022-02-01","CUST55399","BRG0004",10,245000,"TABLET",24500,"IDR","TRAMADOL KAPSUL 50 MG",201,"VNS","KLINIK SAHABAT","Tangerang","TD","Klinik"
"IN6259-BRG0005","IN6259","2022-02-01","CUST55405","BRG0005",18,846000,"TABLET",47000,"IDR","KLORPROMAZINA TABLET SALUT SELAPUT 100 MG",203,"SLCYL","APOTEK MERDEKA","Bandung","TA","Apotek"
"IN6023-BRG0007","IN6023","2022-02-01","CUST55399","BRG0007",10,647000,"BOTOL",64700,"IDR","ERGOTAMINE COFFEINE",206,"ETIKAL","KLINIK SAHABAT","Tangerang","TD","Klinik"
"IN6301-BRG0008","IN6301","2022-02-01","CUST55393","BRG0008",24,235200,"TABLET",9800,"IDR","TETRACYCLINE KAPSUL 250 MG",204,"MARCKS","APOTEK SAHABAT","Padang","EPM","Apotek"
"IN6133-BRG0010","IN6133","2022-02-01","CUST55429","BRG0010",78,541320,"DUS",6940,"IDR","PARACETAMOL",208,"SLCYL","KLINIK SAHABAT","Tangerang","TD","Klinik"
"IN6185-BRG0004","IN6185","2022-02-01","CUST55483","BRG0004",9,78309,"DUS",8701,"IDR","TRAMADOL KAPSUL 50 MG",201,"VNS","APOTEK SAHABAT","Padang","EPM","Apotek"
"IN6063-BRG0005","IN6063","2022-02-01","CUST55417","BRG0005",24,1128000,"TABLET",47000,"IDR","KLORPROMAZINA TABLET SALUT SELAPUT 100 MG",203,"SLCYL","APOTEK TAPAK","Aceh","EPM","Apotek"
"IN6128-BRG0008","IN6128","2022-02-01","CUST55537","BRG0008",79,315368,"DUS",3992,"IDR","TETRACYCLINE KAPSUL 250 MG",204,"MARCKS","APOTEK TAPAK","Aceh","EPM","Apotek"
"IN6293-BRG0010","IN6293","2022-02-01","CUST55519","BRG0010",4,27760,"DUS",6940,"IDR","PARACETAMOL",208,"SLCYL","KLINIK SAHABAT","Tangerang","TD","Klinik"
"IN6300-BRG0008","IN6300","2022-02-01","CUST55507","BRG0008",22,87824,"DUS",3992,"IDR","TETRACYCLINE KAPSUL 250 MG",204,"MARCKS","APOTEK TAPAK","Aceh","EPM","Apotek"
"IN6063-BRG0009","IN6063","2022-02-01","CUST55417","BRG0009",10,310000,"BOTOL",31000,"IDR","AMBROXOL HC",207,"VNS","APOTEK TAPAK","Aceh","EPM","Apotek"
"IN6023-BRG0010","IN6023","2022-02-01","CUST55399","BRG0010",15,104100,"DUS",6940,"IDR","PARACETAMOL",208,"SLCYL","KLINIK SAHABAT","Tangerang","TD","Klinik"
"IN6063-BRG0007","IN6063","2022-02-01","CUST55417","BRG0007",23,1488100,"BOTOL",64700,"IDR","ERGOTAMINE COFFEINE",206,"ETIKAL","APOTEK TAPAK","Aceh","EPM","Apotek"
"IN6259-BRG0006","IN6259","2022-02-01","CUST55405","BRG0006",19,53561,"DUS",2819,"IDR","KETOCONAZOLE TABLET 200 MG",205,"OGB & PH","APOTEK MERDEKA","Bandung","TA","Apotek"
"IN6023-BRG0009","IN6023","2022-02-01","CUST55399","BRG0009",67,2077000,"BOTOL",31000,"IDR","AMBROXOL HC",207,"VNS","KLINIK SAHABAT","Tangerang","TD","Klinik"
"IN6301-BRG0006","IN6301","2022-02-01","CUST55393","BRG0006",12,468000,"TABLET",39000,"IDR","KETOCONAZOLE TABLET 200 MG",205,"OGB & PH","APOTEK SAHABAT","Padang","EPM","Apotek"
"IN6267-BRG0010","IN6267","2022-02-01","CUST55459","BRG0010",8,55520,"DUS",6940,"IDR","PARACETAMOL",208,"SLCYL","KLINIK SAHABAT","Tangerang","TD","Klinik"
"IN6064-BRG0004","IN6064","2022-02-02","CUST55380","BRG0004",24,588000,"TABLET",24500,"IDR","TRAMADOL KAPSUL 50 MG",201,"VNS","APOTEK TAPAK","Aceh","EPM","Apotek"
"IN6064-BRG0005","IN6064","2022-02-02","CUST55380","BRG0005",24,1128000,"TABLET",47000,"IDR","KLORPROMAZINA TABLET SALUT SELAPUT 100 MG",203,"SLCYL","APOTEK TAPAK","Aceh","EPM","Apotek"
"IN6254-BRG0005","IN6254","2022-02-02","CUST55544","BRG0005",12,67776,"DUS",5648,"IDR","KLORPROMAZINA TABLET SALUT SELAPUT 100 MG",203,"SLCYL","KLINIK DR. ANDRI","Lampung","TD","Klinik"
"IN6171-BRG0006","IN6171","2022-02-03","CUST55545","BRG0006",25,70475,"DUS",2819,"IDR","KETOCONAZOLE TABLET 200 MG",205,"OGB & PH","APOTEK TAPAK","Aceh","EPM","Apotek"
"IN6002-BRG0007","IN6002","2022-02-04","CUST55546","BRG0007",14,64288,"DUS",4592,"IDR","ERGOTAMINE COFFEINE",206,"ETIKAL","APOTEK MAJA","Kuningan","TA","Apotek"
"IN6261-BRG0008","IN6261","2022-02-05","CUST55547","BRG0008",24,95808,"DUS",3992,"IDR","TETRACYCLINE KAPSUL 250 MG",204,"MARCKS","KLINIK GM","Jakarta","TA","Klinik"
"IN6088-BRG0009","IN6088","2022-02-06","CUST55548","BRG0009",10,57810,"DUS",5781,"IDR","AMBROXOL HC",207,"VNS","APOTEK MERDEKA","Bandung","TA","Apotek"
"IN6181-BRG0010","IN6181","2022-02-07","CUST55549","BRG0010",130,902200,"DUS",6940,"IDR","PARACETAMOL",208,"SLCYL","KLINIK SAHABAT","Tangerang","TD","Klinik"
"IN6135-BRG0001","IN6135","2022-02-08","CUST55550","BRG0001",12,14040,"DUS",1170,"IDR","ACYCLOVIR DUS",206,"OGB & PH","APOTEK SINAR JAYA","Bekasi","TA","Apotek"
"IN5988-BRG0002","IN5988","2022-02-09","CUST55551","BRG0002",10,23380,"DUS",2338,"IDR","ALERGINE TABLET SALUT",203,"ETIKAL","APOTEK SAHABAT","Padang","EPM","Apotek"
"IN6234-BRG0003","IN6234","2022-02-10","CUST55552","BRG0003",67,716297,"DUS",10691,"IDR","AMPICILLIN",210,"MARCKS","APOTEK TAPAK","Aceh","EPM","Apotek"
"IN6319-BRG0004","IN6319","2022-02-11","CUST55553","BRG0004",98,852698,"DUS",8701,"IDR","TRAMADOL KAPSUL 50 MG",201,"VNS","APOTEK MAJA","Kuningan","TA","Apotek"
"IN6006-BRG0005","IN6006","2022-02-12","CUST55554","BRG0005",5,28240,"DUS",5648,"IDR","KLORPROMAZINA TABLET SALUT SELAPUT 100 MG",203,"SLCYL","KLINIK GM","Jakarta","TA","Klinik"
"IN6147-BRG0006","IN6147","2022-02-13","CUST55555","BRG0006",4,11276,"DUS",2819,"IDR","KETOCONAZOLE TABLET 200 MG",205,"OGB & PH","APOTEK MERDEKA","Bandung","TA","Apotek"
"IN6129-BRG0001","IN6129","2022-02-14","CUST55556","BRG0001",8,36736,"DUS",4592,"IDR","ACYCLOVIR DUS",206,"OGB & PH","KLINIK SAHABAT","Tangerang","TD","Klinik"
"IN5986-BRG0002","IN5986","2022-02-15","CUST55557","BRG0002",9,35928,"DUS",3992,"IDR","ALERGINE TABLET SALUT",203,"ETIKAL","APOTEK SINAR JAYA","Bekasi","TA","Apotek"
"IN6026-BRG0003","IN6026","2022-02-16","CUST55558","BRG0003",21,121401,"DUS",5781,"IDR","AMPICILLIN",210,"MARCKS","APOTEK SAHABAT","Padang","EPM","Apotek"
"IN6224-BRG0004","IN6224","2022-02-17","CUST55559","BRG0004",22,152680,"DUS",6940,"IDR","TRAMADOL KAPSUL 50 MG",201,"VNS","KLINIK DR. ANDRI","Lampung","TD","Klinik"
"IN6087-BRG0001","IN6087","2022-02-18","CUST55560","BRG0001",12,14040,"DUS",1170,"IDR","ACYCLOVIR DUS",206,"OGB & PH","APOTEK TAPAK","Aceh","EPM","Apotek"
"IN6096-BRG0002","IN6096","2022-02-19","CUST55561","BRG0002",25,58450,"DUS",2338,"IDR","ALERGINE TABLET SALUT",203,"ETIKAL","APOTEK MAJA","Kuningan","TA","Apotek"
"IN6034-BRG0003","IN6034","2022-02-20","CUST55562","BRG0003",14,149674,"DUS",10691,"IDR","AMPICILLIN",210,"MARCKS","KLINIK GM","Jakarta","TA","Klinik"
"IN6231-BRG0004","IN6231","2022-02-21","CUST55563","BRG0004",24,208824,"DUS",8701,"IDR","TRAMADOL KAPSUL 50 MG",201,"VNS","APOTEK MERDEKA","Bandung","TA","Apotek"
"IN6260-BRG0005","IN6260","2022-02-22","CUST55564","BRG0005",10,56480,"DUS",5648,"IDR","KLORPROMAZINA TABLET SALUT SELAPUT 100 MG",203,"SLCYL","KLINIK SAHABAT","Tangerang","TD","Klinik"
"IN6302-BRG0006","IN6302","2022-02-23","CUST55565","BRG0006",120,338280,"DUS",2819,"IDR","KETOCONAZOLE TABLET 200 MG",205,"OGB & PH","APOTEK SINAR JAYA","Bekasi","TA","Apotek"
"IN6061-BRG0007","IN6061","2022-02-24","CUST55566","BRG0007",12,55104,"DUS",4592,"IDR","ERGOTAMINE COFFEINE",206,"ETIKAL","APOTEK SAHABAT","Padang","EPM","Apotek"
"IN6011-BRG0008","IN6011","2022-02-25","CUST55567","BRG0008",10,39920,"DUS",3992,"IDR","TETRACYCLINE KAPSUL 250 MG",204,"MARCKS","APOTEK TAPAK","Aceh","EPM","Apotek"
"IN6275-BRG0009","IN6275","2022-02-26","CUST55568","BRG0009",67,387327,"DUS",5781,"IDR","AMBROXOL HC",207,"VNS","APOTEK MAJA","Kuningan","TA","Apotek"
"IN6114-BRG0010","IN6114","2022-02-27","CUST55569","BRG0010",98,680120,"DUS",6940,"IDR","PARACETAMOL",208,"SLCYL","KLINIK GM","Jakarta","TA","Klinik"
"IN6041-BRG0001","IN6041","2022-02-28","CUST55570","BRG0001",5,5850,"DUS",1170,"IDR","ACYCLOVIR DUS",206,"OGB & PH","APOTEK MERDEKA","Bandung","TA","Apotek"
"IN6069-BRG0002","IN6069","2022-03-01","CUST55571","BRG0002",4,9352,"DUS",2338,"IDR","ALERGINE TABLET SALUT",203,"ETIKAL","KLINIK SAHABAT","Tangerang","TD","Klinik"
"IN6239-BRG0003","IN6239","2022-03-02","CUST55572","BRG0003",8,85528,"DUS",10691,"IDR","AMPICILLIN",210,"MARCKS","APOTEK SINAR JAYA","Bekasi","TA","Apotek"
"IN6137-BRG0004","IN6137","2022-03-03","CUST55573","BRG0004",9,78309,"DUS",8701,"IDR","TRAMADOL KAPSUL 50 MG",201,"VNS","APOTEK SAHABAT","Padang","EPM","Apotek"
"IN6189-BRG0005","IN6189","2022-03-04","CUST55574","BRG0005",1,5648,"DUS",5648,"IDR","KLORPROMAZINA TABLET SALUT SELAPUT 100 MG",203,"SLCYL","KLINIK DR. ANDRI","Lampung","TD","Klinik"
"IN6229-BRG0006","IN6229","2022-03-05","CUST55575","BRG0006",5,14095,"DUS",2819,"IDR","KETOCONAZOLE TABLET 200 MG",205,"OGB & PH","APOTEK TAPAK","Aceh","EPM","Apotek"
"IN6110-BRG0007","IN6110","2022-03-06","CUST55576","BRG0007",9,41328,"DUS",4592,"IDR","ERGOTAMINE COFFEINE",206,"ETIKAL","APOTEK MAJA","Kuningan","TA","Apotek"
"IN6182-BRG0008","IN6182","2022-03-07","CUST55577","BRG0008",13,51896,"DUS",3992,"IDR","TETRACYCLINE KAPSUL 250 MG",204,"MARCKS","KLINIK GM","Jakarta","TA","Klinik"
"IN6164-BRG0009","IN6164","2022-03-08","CUST55578","BRG0009",1,5781,"DUS",5781,"IDR","AMBROXOL HC",207,"VNS","APOTEK MERDEKA","Bandung","TA","Apotek"
"IN6016-BRG0010","IN6016","2022-03-09","CUST55579","BRG0010",5,34700,"DUS",6940,"IDR","PARACETAMOL",208,"SLCYL","KLINIK SAHABAT","Tangerang","TD","Klinik"
"IN6043-BRG0001","IN6043","2022-03-10","CUST55580","BRG0001",9,10530,"DUS",1170,"IDR","ACYCLOVIR DUS",206,"OGB & PH","APOTEK SINAR JAYA","Bekasi","TA","Apotek"
"IN6020-BRG0002","IN6020","2022-03-11","CUST55581","BRG0002",1,2338,"DUS",2338,"IDR","ALERGINE TABLET SALUT",203,"ETIKAL","APOTEK SAHABAT","Padang","EPM","Apotek"
"IN6206-BRG0003","IN6206","2022-03-12","CUST55582","BRG0003",23,245893,"DUS",10691,"IDR","AMPICILLIN",210,"MARCKS","APOTEK TAPAK","Aceh","EPM","Apotek"
"IN6055-BRG0004","IN6055","2022-03-13","CUST55583","BRG0004",4,34804,"DUS",8701,"IDR","TRAMADOL KAPSUL 50 MG",201,"VNS","APOTEK MAJA","Kuningan","TA","Apotek"
"IN6092-BRG0005","IN6092","2022-03-14","CUST55584","BRG0005",2,11296,"DUS",5648,"IDR","KLORPROMAZINA TABLET SALUT SELAPUT 100 MG",203,"SLCYL","KLINIK GM","Jakarta","TA","Klinik"
"IN6177-BRG0006","IN6177","2022-03-15","CUST55585","BRG0006",17,47923,"DUS",2819,"IDR","KETOCONAZOLE TABLET 200 MG",205,"OGB & PH","APOTEK MERDEKA","Bandung","TA","Apotek"
"IN6209-BRG0001","IN6209","2022-03-16","CUST55586","BRG0001",11,50512,"DUS",4592,"IDR","ACYCLOVIR DUS",206,"OGB & PH","KLINIK SAHABAT","Tangerang","TD","Klinik"
"IN6250-BRG0002","IN6250","2022-03-17","CUST55587","BRG0002",12,47904,"DUS",3992,"IDR","ALERGINE TABLET SALUT",203,"ETIKAL","APOTEK SINAR JAYA","Bekasi","TA","Apotek"
"IN6193-BRG0003","IN6193","2022-03-18","CUST55588","BRG0003",12,69372,"DUS",5781,"IDR","AMPICILLIN",210,"MARCKS","APOTEK SAHABAT","Padang","EPM","Apotek"
"IN6081-BRG0004","IN6081","2022-03-19","CUST55589","BRG0004",25,173500,"DUS",6940,"IDR","TRAMADOL KAPSUL 50 MG",201,"VNS","KLINIK DR. ANDRI","Lampung","TD","Klinik"
"IN6149-BRG0001","IN6149","2022-03-20","CUST55590","BRG0001",14,16380,"DUS",1170,"IDR","ACYCLOVIR DUS",206,"OGB & PH","APOTEK TAPAK","Aceh","EPM","Apotek"
"IN6014-BRG0002","IN6014","2022-03-21","CUST55591","BRG0002",34,79492,"DUS",2338,"IDR","ALERGINE TABLET SALUT",203,"ETIKAL","APOTEK MAJA","Kuningan","TA","Apotek"
"IN6290-BRG0003","IN6290","2022-03-22","CUST55592","BRG0003",67,716297,"DUS",10691,"IDR","AMPICILLIN",210,"MARCKS","KLINIK GM","Jakarta","TA","Klinik"
"IN6051-BRG0004","IN6051","2022-03-23","CUST55593","BRG0004",15,130515,"DUS",8701,"IDR","TRAMADOL KAPSUL 50 MG",201,"VNS","APOTEK MERDEKA","Bandung","TA","Apotek"
"IN6076-BRG0005","IN6076","2022-03-24","CUST55594","BRG0005",12,67776,"DUS",5648,"IDR","KLORPROMAZINA TABLET SALUT SELAPUT 100 MG",203,"SLCYL","KLINIK SAHABAT","Tangerang","TD","Klinik"
"IN6140-BRG0006","IN6140","2022-03-25","CUST55595","BRG0006",25,70475,"DUS",2819,"IDR","KETOCONAZOLE TABLET 200 MG",205,"OGB & PH","APOTEK SINAR JAYA","Bekasi","TA","Apotek"
"IN6080-BRG0007","IN6080","2022-03-26","CUST55596","BRG0007",14,64288,"DUS",4592,"IDR","ERGOTAMINE COFFEINE",206,"ETIKAL","APOTEK SAHABAT","Padang","EPM","Apotek"
"IN6153-BRG0008","IN6153","2022-03-27","CUST55597","BRG0008",18,71856,"DUS",3992,"IDR","TETRACYCLINE KAPSUL 250 MG",204,"MARCKS","APOTEK TAPAK","Aceh","EPM","Apotek"
"IN5979-BRG0009","IN5979","2022-03-28","CUST55598","BRG0009",18,104058,"DUS",5781,"IDR","AMBROXOL HC",207,"VNS","APOTEK MAJA","Kuningan","TA","Apotek"
"IN6098-BRG0010","IN6098","2022-03-29","CUST55599","BRG0010",19,131860,"DUS",6940,"IDR","PARACETAMOL",208,"SLCYL","KLINIK GM","Jakarta","TA","Klinik"
"IN6078-BRG0001","IN6078","2022-03-30","CUST55600","BRG0001",12,14040,"DUS",1170,"IDR","ACYCLOVIR DUS",206,"OGB & PH","APOTEK MERDEKA","Bandung","TA","Apotek"
"IN6085-BRG0002","IN6085","2022-03-31","CUST55601","BRG0002",25,58450,"DUS",2338,"IDR","ALERGINE TABLET SALUT",203,"ETIKAL","KLINIK SAHABAT","Tangerang","TD","Klinik"
"IN6018-BRG0003","IN6018","2022-04-01","CUST55602","BRG0003",14,149674,"DUS",10691,"IDR","AMPICILLIN",210,"MARCKS","APOTEK SINAR JAYA","Bekasi","TA","Apotek"
"IN6001-BRG0004","IN6001","2022-04-02","CUST55603","BRG0004",21,182721,"DUS",8701,"IDR","TRAMADOL KAPSUL 50 MG",201,"VNS","APOTEK SAHABAT","Padang","EPM","Apotek"
"IN6271-BRG0005","IN6271","2022-04-03","CUST55604","BRG0005",22,124256,"DUS",5648,"IDR","KLORPROMAZINA TABLET SALUT SELAPUT 100 MG",203,"SLCYL","KLINIK DR. ANDRI","Lampung","TD","Klinik"
"IN6207-BRG0006","IN6207","2022-04-04","CUST55605","BRG0006",12,33828,"DUS",2819,"IDR","KETOCONAZOLE TABLET 200 MG",205,"OGB & PH","APOTEK TAPAK","Aceh","EPM","Apotek"
"IN6187-BRG0007","IN6187","2022-04-05","CUST55606","BRG0007",25,114800,"DUS",4592,"IDR","ERGOTAMINE COFFEINE",206,"ETIKAL","APOTEK MAJA","Kuningan","TA","Apotek"
"IN5995-BRG0008","IN5995","2022-04-06","CUST55607","BRG0008",14,55888,"DUS",3992,"IDR","TETRACYCLINE KAPSUL 250 MG",204,"MARCKS","KLINIK GM","Jakarta","TA","Klinik"
"IN6156-BRG0009","IN6156","2022-04-07","CUST55608","BRG0009",24,138744,"DUS",5781,"IDR","AMBROXOL HC",207,"VNS","APOTEK MERDEKA","Bandung","TA","Apotek"
"IN6232-BRG0010","IN6232","2022-04-08","CUST55609","BRG0010",10,69400,"DUS",6940,"IDR","PARACETAMOL",208,"SLCYL","KLINIK SAHABAT","Tangerang","TD","Klinik"
"IN5998-BRG0001","IN5998","2022-04-09","CUST55610","BRG0001",23,26910,"DUS",1170,"IDR","ACYCLOVIR DUS",206,"OGB & PH","APOTEK SINAR JAYA","Bekasi","TA","Apotek"
"IN6227-BRG0002","IN6227","2022-04-10","CUST55611","BRG0002",12,28056,"DUS",2338,"IDR","ALERGINE TABLET SALUT",203,"ETIKAL","APOTEK SAHABAT","Padang","EPM","Apotek"
"IN6027-BRG0003","IN6027","2022-04-11","CUST55612","BRG0003",10,106910,"DUS",10691,"IDR","AMPICILLIN",210,"MARCKS","APOTEK TAPAK","Aceh","EPM","Apotek"
"IN6157-BRG0004","IN6157","2022-04-12","CUST55613","BRG0004",67,582967,"DUS",8701,"IDR","TRAMADOL KAPSUL 50 MG",201,"VNS","APOTEK MAJA","Kuningan","TA","Apotek"
"IN6180-BRG0005","IN6180","2022-04-13","CUST55614","BRG0005",98,553504,"DUS",5648,"IDR","KLORPROMAZINA TABLET SALUT SELAPUT 100 MG",203,"SLCYL","KLINIK GM","Jakarta","TA","Klinik"
"IN6257-BRG0006","IN6257","2022-04-14","CUST55615","BRG0006",5,14095,"DUS",2819,"IDR","KETOCONAZOLE TABLET 200 MG",205,"OGB & PH","APOTEK MERDEKA","Bandung","TA","Apotek"
"IN6031-BRG0001","IN6031","2022-04-15","CUST55616","BRG0001",4,18368,"DUS",4592,"IDR","ACYCLOVIR DUS",206,"OGB & PH","KLINIK SAHABAT","Tangerang","TD","Klinik"
"IN6082-BRG0002","IN6082","2022-04-16","CUST55617","BRG0002",8,31936,"DUS",3992,"IDR","ALERGINE TABLET SALUT",203,"ETIKAL","APOTEK SINAR JAYA","Bekasi","TA","Apotek"
"IN6075-BRG0009","IN6075","2022-04-16","CUST55638","BRG0009",48,277488,"DUS",5781,"IDR","AMBROXOL HC",207,"VNS","APOTEK MERDEKA","Bandung","TA","Apotek"
"IN6174-BRG0003","IN6174","2022-04-17","CUST55618","BRG0003",9,52029,"DUS",5781,"IDR","AMPICILLIN",210,"MARCKS","APOTEK SAHABAT","Padang","EPM","Apotek"
"IN6218-BRG0010","IN6218","2022-04-17","CUST55639","BRG0010",21,145740,"DUS",6940,"IDR","PARACETAMOL",208,"SLCYL","KLINIK SAHABAT","Tangerang","TD","Klinik"
"IN6138-BRG0002","IN6138","2022-04-18","CUST55661","BRG0002",10,23380,"DUS",2338,"IDR","ALERGINE TABLET SALUT",203,"ETIKAL","KLINIK SAHABAT","Tangerang","TD","Klinik"
"IN6194-BRG0009","IN6194","2022-04-18","CUST55658","BRG0009",25,144525,"DUS",5781,"IDR","AMBROXOL HC",207,"VNS","APOTEK MAJA","Kuningan","TA","Apotek"
"IN5985-BRG0001","IN5985","2022-04-18","CUST55640","BRG0001",22,25740,"DUS",1170,"IDR","ACYCLOVIR DUS",206,"OGB & PH","APOTEK SINAR JAYA","Bekasi","TA","Apotek"
"IN6237-BRG0004","IN6237","2022-04-18","CUST55619","BRG0004",10,69400,"DUS",6940,"IDR","TRAMADOL KAPSUL 50 MG",201,"VNS","KLINIK DR. ANDRI","Lampung","TD","Klinik"
"IN6154-BRG0002","IN6154","2022-04-19","CUST55641","BRG0002",12,28056,"DUS",2338,"IDR","ALERGINE TABLET SALUT",203,"ETIKAL","APOTEK SAHABAT","Padang","EPM","Apotek"
"IN6021-BRG0001","IN6021","2022-04-19","CUST55620","BRG0001",7,8190,"DUS",1170,"IDR","ACYCLOVIR DUS",206,"OGB & PH","APOTEK TAPAK","Aceh","EPM","Apotek"
"IN6316-BRG0003","IN6316","2022-04-19","CUST55662","BRG0003",120,1282920,"DUS",10691,"IDR","AMPICILLIN",210,"MARCKS","APOTEK SINAR JAYA","Bekasi","TA","Apotek"
"IN5987-BRG0010","IN5987","2022-04-19","CUST55659","BRG0010",14,97160,"DUS",6940,"IDR","PARACETAMOL",208,"SLCYL","KLINIK GM","Jakarta","TA","Klinik"
"IN6019-BRG0004","IN6019","2022-04-20","CUST55663","BRG0004",12,104412,"DUS",8701,"IDR","TRAMADOL KAPSUL 50 MG",201,"VNS","APOTEK SAHABAT","Padang","EPM","Apotek"
"IN6056-BRG0002","IN6056","2022-04-20","CUST55621","BRG0002",100,233800,"DUS",2338,"IDR","ALERGINE TABLET SALUT",203,"ETIKAL","APOTEK MAJA","Kuningan","TA","Apotek"
"IN6313-BRG0001","IN6313","2022-04-20","CUST55660","BRG0001",24,28080,"DUS",1170,"IDR","ACYCLOVIR DUS",206,"OGB & PH","APOTEK MERDEKA","Bandung","TA","Apotek"
"IN6145-BRG0003","IN6145","2022-04-20","CUST55642","BRG0003",25,267275,"DUS",10691,"IDR","AMPICILLIN",210,"MARCKS","APOTEK TAPAK","Aceh","EPM","Apotek"
"IN6315-BRG0004","IN6315","2022-04-21","CUST55643","BRG0004",14,121814,"DUS",8701,"IDR","TRAMADOL KAPSUL 50 MG",201,"VNS","APOTEK MAJA","Kuningan","TA","Apotek"
"IN5983-BRG0003","IN5983","2022-04-21","CUST55622","BRG0003",67,716297,"DUS",10691,"IDR","AMPICILLIN",210,"MARCKS","KLINIK GM","Jakarta","TA","Klinik"
"IN6139-BRG0004","IN6139","2022-04-22","CUST55623","BRG0004",78,678678,"DUS",8701,"IDR","TRAMADOL KAPSUL 50 MG",201,"VNS","APOTEK MERDEKA","Bandung","TA","Apotek"
"IN6126-BRG0005","IN6126","2022-04-23","CUST55624","BRG0005",45,254160,"DUS",5648,"IDR","KLORPROMAZINA TABLET SALUT SELAPUT 100 MG",203,"SLCYL","KLINIK SAHABAT","Tangerang","TD","Klinik"
"IN6127-BRG0006","IN6127","2022-04-24","CUST55625","BRG0006",34,95846,"DUS",2819,"IDR","KETOCONAZOLE TABLET 200 MG",205,"OGB & PH","APOTEK SINAR JAYA","Bekasi","TA","Apotek"
"IN6035-BRG0007","IN6035","2022-04-25","CUST55626","BRG0007",20,91840,"DUS",4592,"IDR","ERGOTAMINE COFFEINE",206,"ETIKAL","APOTEK SAHABAT","Padang","EPM","Apotek"
"IN6309-BRG0008","IN6309","2022-04-26","CUST55627","BRG0008",45,179640,"DUS",3992,"IDR","TETRACYCLINE KAPSUL 250 MG",204,"MARCKS","APOTEK TAPAK","Aceh","EPM","Apotek"
"IN6047-BRG0006","IN6047","2022-04-26","CUST55635","BRG0006",12,33828,"DUS",2819,"IDR","KETOCONAZOLE TABLET 200 MG",205,"OGB & PH","APOTEK TAPAK","Aceh","EPM","Apotek"
"IN6073-BRG0009","IN6073","2022-04-27","CUST55628","BRG0009",34,196554,"DUS",5781,"IDR","AMBROXOL HC",207,"VNS","APOTEK MAJA","Kuningan","TA","Apotek"
"IN6071-BRG0007","IN6071","2022-04-27","CUST55636","BRG0007",95,436240,"DUS",4592,"IDR","ERGOTAMINE COFFEINE",206,"ETIKAL","APOTEK MAJA","Kuningan","TA","Apotek"
"IN6277-BRG0010","IN6277","2022-04-28","CUST55629","BRG0010",34,235960,"DUS",6940,"IDR","PARACETAMOL",208,"SLCYL","KLINIK GM","Jakarta","TA","Klinik"
"IN6009-BRG0008","IN6009","2022-04-28","CUST55637","BRG0008",76,303392,"DUS",3992,"IDR","TETRACYCLINE KAPSUL 250 MG",204,"MARCKS","KLINIK GM","Jakarta","TA","Klinik"
"IN6197-BRG0001","IN6197","2022-04-29","CUST55630","BRG0001",34,39780,"DUS",1170,"IDR","ACYCLOVIR DUS",206,"OGB & PH","APOTEK MERDEKA","Bandung","TA","Apotek"
"IN6304-BRG0009","IN6304","2022-04-30","CUST55728","BRG0009",44,254364,"DUS",5781,"IDR","AMBROXOL HC",207,"VNS","APOTEK MERDEKA","Bandung","TA","Apotek"
"IN6106-BRG0004","IN6106","2022-04-30","CUST55713","BRG0004",4,34804,"DUS",8701,"IDR","TRAMADOL KAPSUL 50 MG",201,"VNS","APOTEK MERDEKA","Bandung","TA","Apotek"
"IN6265-BRG0009","IN6265","2022-04-30","CUST55698","BRG0009",25,144525,"DUS",5781,"IDR","AMBROXOL HC",207,"VNS","APOTEK MERDEKA","Bandung","TA","Apotek"
"IN6225-BRG0002","IN6225","2022-04-30","CUST55631","BRG0002",44,102872,"DUS",2338,"IDR","ALERGINE TABLET SALUT",203,"ETIKAL","KLINIK SAHABAT","Tangerang","TD","Klinik"
"IN6132-BRG0003","IN6132","2022-04-30","CUST55708","BRG0003",12,69372,"DUS",5781,"IDR","AMPICILLIN",210,"MARCKS","APOTEK SAHABAT","Padang","EPM","Apotek"
"IN6310-BRG0004","IN6310","2022-04-30","CUST55693","BRG0004",14,121814,"DUS",8701,"IDR","TRAMADOL KAPSUL 50 MG",201,"VNS","APOTEK SAHABAT","Padang","EPM","Apotek"
"IN6101-BRG0004","IN6101","2022-04-30","CUST55723","BRG0004",20,174020,"DUS",8701,"IDR","TRAMADOL KAPSUL 50 MG",201,"VNS","APOTEK SAHABAT","Padang","EPM","Apotek"
"IN6249-BRG0004","IN6249","2022-04-30","CUST55703","BRG0004",25,217525,"DUS",8701,"IDR","TRAMADOL KAPSUL 50 MG",201,"VNS","APOTEK MAJA","Kuningan","TA","Apotek"
"IN6097-BRG0009","IN6097","2022-04-30","CUST55718","BRG0009",100,578100,"DUS",5781,"IDR","AMBROXOL HC",207,"VNS","APOTEK MAJA","Kuningan","TA","Apotek"
"IN6158-BRG0010","IN6158","2022-05-01","CUST55699","BRG0010",14,97160,"DUS",6940,"IDR","PARACETAMOL",208,"SLCYL","KLINIK SAHABAT","Tangerang","TD","Klinik"
"IN6142-BRG0005","IN6142","2022-05-01","CUST55724","BRG0005",45,254160,"DUS",5648,"IDR","KLORPROMAZINA TABLET SALUT SELAPUT 100 MG",203,"SLCYL","KLINIK DR. ANDRI","Lampung","TD","Klinik"
"IN6044-BRG0005","IN6044","2022-05-01","CUST55694","BRG0005",18,101664,"DUS",5648,"IDR","KLORPROMAZINA TABLET SALUT SELAPUT 100 MG",203,"SLCYL","KLINIK DR. ANDRI","Lampung","TD","Klinik"
"IN5984-BRG0005","IN5984","2022-05-01","CUST55714","BRG0005",8,45184,"DUS",5648,"IDR","KLORPROMAZINA TABLET SALUT SELAPUT 100 MG",203,"SLCYL","KLINIK SAHABAT","Tangerang","TD","Klinik"
"IN5989-BRG0010","IN5989","2022-05-01","CUST55719","BRG0010",67,464980,"DUS",6940,"IDR","PARACETAMOL",208,"SLCYL","KLINIK GM","Jakarta","TA","Klinik"
"IN6030-BRG0004","IN6030","2022-05-01","CUST55709","BRG0004",10,69400,"DUS",6940,"IDR","TRAMADOL KAPSUL 50 MG",201,"VNS","KLINIK DR. ANDRI","Lampung","TD","Klinik"
"IN6067-BRG0005","IN6067","2022-05-01","CUST55704","BRG0005",14,79072,"DUS",5648,"IDR","KLORPROMAZINA TABLET SALUT SELAPUT 100 MG",203,"SLCYL","KLINIK GM","Jakarta","TA","Klinik"
"IN5999-BRG0003","IN5999","2022-05-01","CUST55632","BRG0003",5,53455,"DUS",10691,"IDR","AMPICILLIN",210,"MARCKS","APOTEK SINAR JAYA","Bekasi","TA","Apotek"
"IN6004-BRG0010","IN6004","2022-05-01","CUST55729","BRG0010",5,34700,"DUS",6940,"IDR","PARACETAMOL",208,"SLCYL","KLINIK SAHABAT","Tangerang","TD","Klinik"
"IN6007-BRG0006","IN6007","2022-05-02","CUST55715","BRG0006",9,25371,"DUS",2819,"IDR","KETOCONAZOLE TABLET 200 MG",205,"OGB & PH","APOTEK SINAR JAYA","Bekasi","TA","Apotek"
"IN6312-BRG0006","IN6312","2022-05-02","CUST55725","BRG0006",34,95846,"DUS",2819,"IDR","KETOCONAZOLE TABLET 200 MG",205,"OGB & PH","APOTEK TAPAK","Aceh","EPM","Apotek"
"IN6094-BRG0001","IN6094","2022-05-02","CUST55710","BRG0001",67,78390,"DUS",1170,"IDR","ACYCLOVIR DUS",206,"OGB & PH","APOTEK TAPAK","Aceh","EPM","Apotek"
"IN6178-BRG0006","IN6178","2022-05-02","CUST55695","BRG0006",18,50742,"DUS",2819,"IDR","KETOCONAZOLE TABLET 200 MG",205,"OGB & PH","APOTEK TAPAK","Aceh","EPM","Apotek"
"IN6151-BRG0001","IN6151","2022-05-02","CUST55720","BRG0001",78,91260,"DUS",1170,"IDR","ACYCLOVIR DUS",206,"OGB & PH","APOTEK MERDEKA","Bandung","TA","Apotek"
"IN6223-BRG0004","IN6223","2022-05-02","CUST55633","BRG0004",6,52206,"DUS",8701,"IDR","TRAMADOL KAPSUL 50 MG",201,"VNS","APOTEK SAHABAT","Padang","EPM","Apotek"
"IN6143-BRG0006","IN6143","2022-05-02","CUST55705","BRG0006",24,67656,"DUS",2819,"IDR","KETOCONAZOLE TABLET 200 MG",205,"OGB & PH","APOTEK MERDEKA","Bandung","TA","Apotek"
"IN6105-BRG0001","IN6105","2022-05-02","CUST55700","BRG0001",21,24570,"DUS",1170,"IDR","ACYCLOVIR DUS",206,"OGB & PH","APOTEK SINAR JAYA","Bekasi","TA","Apotek"
"IN6270-BRG0007","IN6270","2022-05-03","CUST55696","BRG0007",19,87248,"DUS",4592,"IDR","ERGOTAMINE COFFEINE",206,"ETIKAL","APOTEK MAJA","Kuningan","TA","Apotek"
"IN6273-BRG0005","IN6273","2022-05-03","CUST55634","BRG0005",79,446192,"DUS",5648,"IDR","KLORPROMAZINA TABLET SALUT SELAPUT 100 MG",203,"SLCYL","KLINIK DR. ANDRI","Lampung","TD","Klinik"
"IN6294-BRG0002","IN6294","2022-05-03","CUST55711","BRG0002",98,229124,"DUS",2338,"IDR","ALERGINE TABLET SALUT",203,"ETIKAL","APOTEK MAJA","Kuningan","TA","Apotek"
"IN6115-BRG0007","IN6115","2022-05-03","CUST55716","BRG0007",10,45920,"DUS",4592,"IDR","ERGOTAMINE COFFEINE",206,"ETIKAL","APOTEK SAHABAT","Padang","EPM","Apotek"
"IN6112-BRG0007","IN6112","2022-05-03","CUST55726","BRG0007",34,156128,"DUS",4592,"IDR","ERGOTAMINE COFFEINE",206,"ETIKAL","APOTEK MAJA","Kuningan","TA","Apotek"
"IN5990-BRG0001","IN5990","2022-05-03","CUST55706","BRG0001",10,45920,"DUS",4592,"IDR","ACYCLOVIR DUS",206,"OGB & PH","KLINIK SAHABAT","Tangerang","TD","Klinik"
"IN6037-BRG0002","IN6037","2022-05-03","CUST55721","BRG0002",45,105210,"DUS",2338,"IDR","ALERGINE TABLET SALUT",203,"ETIKAL","KLINIK SAHABAT","Tangerang","TD","Klinik"
"IN6213-BRG0002","IN6213","2022-05-03","CUST55701","BRG0002",22,51436,"DUS",2338,"IDR","ALERGINE TABLET SALUT",203,"ETIKAL","APOTEK SAHABAT","Padang","EPM","Apotek"
"IN6168-BRG0005","IN6168","2022-05-13","CUST55644","BRG0005",24,135552,"DUS",5648,"IDR","KLORPROMAZINA TABLET SALUT SELAPUT 100 MG",203,"SLCYL","KLINIK GM","Jakarta","TA","Klinik"
"IN6192-BRG0006","IN6192","2022-05-14","CUST55645","BRG0006",10,28190,"DUS",2819,"IDR","KETOCONAZOLE TABLET 200 MG",205,"OGB & PH","APOTEK MERDEKA","Bandung","TA","Apotek"
"IN6285-BRG0001","IN6285","2022-05-15","CUST55646","BRG0001",130,596960,"DUS",4592,"IDR","ACYCLOVIR DUS",206,"OGB & PH","KLINIK SAHABAT","Tangerang","TD","Klinik"
"IN6077-BRG0002","IN6077","2022-05-16","CUST55647","BRG0002",12,47904,"DUS",3992,"IDR","ALERGINE TABLET SALUT",203,"ETIKAL","APOTEK SINAR JAYA","Bekasi","TA","Apotek"
"IN6057-BRG0003","IN6057","2022-05-17","CUST55648","BRG0003",10,57810,"DUS",5781,"IDR","AMPICILLIN",210,"MARCKS","APOTEK SAHABAT","Padang","EPM","Apotek"
"IN6252-BRG0004","IN6252","2022-05-18","CUST55649","BRG0004",67,464980,"DUS",6940,"IDR","TRAMADOL KAPSUL 50 MG",201,"VNS","KLINIK DR. ANDRI","Lampung","TD","Klinik"
"IN6272-BRG0001","IN6272","2022-05-19","CUST55650","BRG0001",98,114660,"DUS",1170,"IDR","ACYCLOVIR DUS",206,"OGB & PH","APOTEK TAPAK","Aceh","EPM","Apotek"
"IN6283-BRG0005","IN6283","2022-05-19","CUST55664","BRG0005",10,56480,"DUS",5648,"IDR","KLORPROMAZINA TABLET SALUT SELAPUT 100 MG",203,"SLCYL","KLINIK DR. ANDRI","Lampung","TD","Klinik"
"IN6169-BRG0006","IN6169","2022-05-20","CUST55665","BRG0006",67,188873,"DUS",2819,"IDR","KETOCONAZOLE TABLET 200 MG",205,"OGB & PH","APOTEK TAPAK","Aceh","EPM","Apotek"
"IN6150-BRG0002","IN6150","2022-05-20","CUST55651","BRG0002",5,11690,"DUS",2338,"IDR","ALERGINE TABLET SALUT",203,"ETIKAL","APOTEK MAJA","Kuningan","TA","Apotek"
"IN6298-BRG0003","IN6298","2022-05-21","CUST55652","BRG0003",4,42764,"DUS",10691,"IDR","AMPICILLIN",210,"MARCKS","KLINIK GM","Jakarta","TA","Klinik"
"IN6121-BRG0007","IN6121","2022-05-21","CUST55666","BRG0007",98,450016,"DUS",4592,"IDR","ERGOTAMINE COFFEINE",206,"ETIKAL","APOTEK MAJA","Kuningan","TA","Apotek"
"IN6117-BRG0008","IN6117","2022-05-22","CUST55667","BRG0008",5,19960,"DUS",3992,"IDR","TETRACYCLINE KAPSUL 250 MG",204,"MARCKS","KLINIK GM","Jakarta","TA","Klinik"
"IN6295-BRG0004","IN6295","2022-05-22","CUST55653","BRG0004",8,69608,"DUS",8701,"IDR","TRAMADOL KAPSUL 50 MG",201,"VNS","APOTEK MERDEKA","Bandung","TA","Apotek"
"IN6022-BRG0005","IN6022","2022-05-23","CUST55654","BRG0005",9,50832,"DUS",5648,"IDR","KLORPROMAZINA TABLET SALUT SELAPUT 100 MG",203,"SLCYL","KLINIK SAHABAT","Tangerang","TD","Klinik"
"IN6201-BRG0009","IN6201","2022-05-23","CUST55668","BRG0009",4,23124,"DUS",5781,"IDR","AMBROXOL HC",207,"VNS","APOTEK MERDEKA","Bandung","TA","Apotek"
"IN6179-BRG0010","IN6179","2022-05-24","CUST55669","BRG0010",8,55520,"DUS",6940,"IDR","PARACETAMOL",208,"SLCYL","KLINIK SAHABAT","Tangerang","TD","Klinik"
"IN6090-BRG0006","IN6090","2022-05-24","CUST55655","BRG0006",21,59199,"DUS",2819,"IDR","KETOCONAZOLE TABLET 200 MG",205,"OGB & PH","APOTEK SINAR JAYA","Bekasi","TA","Apotek"
"IN5978-BRG0001","IN5978","2022-05-25","CUST55670","BRG0001",9,10530,"DUS",1170,"IDR","ACYCLOVIR DUS",206,"OGB & PH","APOTEK SINAR JAYA","Bekasi","TA","Apotek"
"IN5996-BRG0007","IN5996","2022-05-25","CUST55656","BRG0007",22,101024,"DUS",4592,"IDR","ERGOTAMINE COFFEINE",206,"ETIKAL","APOTEK SAHABAT","Padang","EPM","Apotek"
"IN5993-BRG0002","IN5993","2022-05-26","CUST55671","BRG0002",1,2338,"DUS",2338,"IDR","ALERGINE TABLET SALUT",203,"ETIKAL","APOTEK SAHABAT","Padang","EPM","Apotek"
"IN6111-BRG0008","IN6111","2022-05-26","CUST55657","BRG0008",12,47904,"DUS",3992,"IDR","TETRACYCLINE KAPSUL 250 MG",204,"MARCKS","APOTEK TAPAK","Aceh","EPM","Apotek"
"IN6160-BRG0003","IN6160","2022-05-27","CUST55672","BRG0003",5,53455,"DUS",10691,"IDR","AMPICILLIN",210,"MARCKS","APOTEK TAPAK","Aceh","EPM","Apotek"
"IN6282-BRG0004","IN6282","2022-05-28","CUST55673","BRG0004",9,78309,"DUS",8701,"IDR","TRAMADOL KAPSUL 50 MG",201,"VNS","APOTEK MAJA","Kuningan","TA","Apotek"
"IN6093-BRG0005","IN6093","2022-05-29","CUST55674","BRG0005",13,73424,"DUS",5648,"IDR","KLORPROMAZINA TABLET SALUT SELAPUT 100 MG",203,"SLCYL","KLINIK GM","Jakarta","TA","Klinik"
"IN6166-BRG0006","IN6166","2022-05-30","CUST55675","BRG0006",1,2819,"DUS",2819,"IDR","KETOCONAZOLE TABLET 200 MG",205,"OGB & PH","APOTEK MERDEKA","Bandung","TA","Apotek"
"IN6010-BRG0001","IN6010","2022-05-31","CUST55676","BRG0001",5,22960,"DUS",4592,"IDR","ACYCLOVIR DUS",206,"OGB & PH","KLINIK SAHABAT","Tangerang","TD","Klinik"
"IN6100-BRG0002","IN6100","2022-06-01","CUST55677","BRG0002",9,35928,"DUS",3992,"IDR","ALERGINE TABLET SALUT",203,"ETIKAL","APOTEK SINAR JAYA","Bekasi","TA","Apotek"
"IN6222-BRG0003","IN6222","2022-06-02","CUST55678","BRG0003",1,5781,"DUS",5781,"IDR","AMPICILLIN",210,"MARCKS","APOTEK SAHABAT","Padang","EPM","Apotek"
"IN6032-BRG0004","IN6032","2022-06-03","CUST55679","BRG0004",23,159620,"DUS",6940,"IDR","TRAMADOL KAPSUL 50 MG",201,"VNS","KLINIK DR. ANDRI","Lampung","TD","Klinik"
"IN6198-BRG0001","IN6198","2022-06-04","CUST55680","BRG0001",4,4680,"DUS",1170,"IDR","ACYCLOVIR DUS",206,"OGB & PH","APOTEK TAPAK","Aceh","EPM","Apotek"
"IN6212-BRG0002","IN6212","2022-06-05","CUST55681","BRG0002",2,4676,"DUS",2338,"IDR","ALERGINE TABLET SALUT",203,"ETIKAL","APOTEK MAJA","Kuningan","TA","Apotek"
"IN6288-BRG0003","IN6288","2022-06-06","CUST55682","BRG0003",17,181747,"DUS",10691,"IDR","AMPICILLIN",210,"MARCKS","KLINIK GM","Jakarta","TA","Klinik"
"IN6059-BRG0004","IN6059","2022-06-07","CUST55683","BRG0004",11,95711,"DUS",8701,"IDR","TRAMADOL KAPSUL 50 MG",201,"VNS","APOTEK MERDEKA","Bandung","TA","Apotek"
"IN6236-BRG0005","IN6236","2022-06-08","CUST55684","BRG0005",12,67776,"DUS",5648,"IDR","KLORPROMAZINA TABLET SALUT SELAPUT 100 MG",203,"SLCYL","KLINIK SAHABAT","Tangerang","TD","Klinik"
"IN6296-BRG0006","IN6296","2022-06-09","CUST55685","BRG0006",12,33828,"DUS",2819,"IDR","KETOCONAZOLE TABLET 200 MG",205,"OGB & PH","APOTEK SINAR JAYA","Bekasi","TA","Apotek"
"IN6324-BRG0007","IN6324","2022-06-10","CUST55686","BRG0007",25,114800,"DUS",4592,"IDR","ERGOTAMINE COFFEINE",206,"ETIKAL","APOTEK SAHABAT","Padang","EPM","Apotek"
"IN6091-BRG0008","IN6091","2022-06-11","CUST55687","BRG0008",14,55888,"DUS",3992,"IDR","TETRACYCLINE KAPSUL 250 MG",204,"MARCKS","APOTEK TAPAK","Aceh","EPM","Apotek"
"IN6033-BRG0009","IN6033","2022-06-12","CUST55688","BRG0009",34,196554,"DUS",5781,"IDR","AMBROXOL HC",207,"VNS","APOTEK MAJA","Kuningan","TA","Apotek"
"IN6159-BRG0010","IN6159","2022-06-13","CUST55689","BRG0010",67,464980,"DUS",6940,"IDR","PARACETAMOL",208,"SLCYL","KLINIK GM","Jakarta","TA","Klinik"
"IN6264-BRG0001","IN6264","2022-06-14","CUST55690","BRG0001",15,17550,"DUS",1170,"IDR","ACYCLOVIR DUS",206,"OGB & PH","APOTEK MERDEKA","Bandung","TA","Apotek"
"IN6046-BRG0002","IN6046","2022-06-15","CUST55691","BRG0002",12,28056,"DUS",2338,"IDR","ALERGINE TABLET SALUT",203,"ETIKAL","KLINIK SAHABAT","Tangerang","TD","Klinik"
"IN6109-BRG0003","IN6109","2022-06-16","CUST55702","BRG0003",12,128292,"DUS",10691,"IDR","AMPICILLIN",210,"MARCKS","APOTEK TAPAK","Aceh","EPM","Apotek"
"IN6165-BRG0003","IN6165","2022-06-16","CUST55722","BRG0003",34,363494,"DUS",10691,"IDR","AMPICILLIN",210,"MARCKS","APOTEK SINAR JAYA","Bekasi","TA","Apotek"
"IN6268-BRG0003","IN6268","2022-06-16","CUST55692","BRG0003",25,267275,"DUS",10691,"IDR","AMPICILLIN",210,"MARCKS","APOTEK SINAR JAYA","Bekasi","TA","Apotek"
"IN6012-BRG0003","IN6012","2022-06-16","CUST55712","BRG0003",5,53455,"DUS",10691,"IDR","AMPICILLIN",210,"MARCKS","KLINIK GM","Jakarta","TA","Klinik"
"IN6204-BRG0008","IN6204","2022-06-16","CUST55727","BRG0008",34,135728,"DUS",3992,"IDR","TETRACYCLINE KAPSUL 250 MG",204,"MARCKS","KLINIK GM","Jakarta","TA","Klinik"
"IN6123-BRG0008","IN6123","2022-06-16","CUST55697","BRG0008",12,47904,"DUS",3992,"IDR","TETRACYCLINE KAPSUL 250 MG",204,"MARCKS","KLINIK GM","Jakarta","TA","Klinik"
"IN5992-BRG0002","IN5992","2022-06-16","CUST55707","BRG0002",23,91816,"DUS",3992,"IDR","ALERGINE TABLET SALUT",203,"ETIKAL","APOTEK SINAR JAYA","Bekasi","TA","Apotek"
"IN6000-BRG0008","IN6000","2022-06-16","CUST55717","BRG0008",7,27944,"DUS",3992,"IDR","TETRACYCLINE KAPSUL 250 MG",204,"MARCKS","APOTEK TAPAK","Aceh","EPM","Apotek"
